[31Jul2026 18:02:56.315] [main/INFO] [cpw.mods.modlauncher.Launcher/MODLAUNCHER]: ModLauncher running: args [--launchTarget, forgeserver, --fml.forgeVersion, 47.4.21, --fml.mcVersion, 1.20.1, --fml.forgeGroup, net.minecraftforge, --fml.mcpVersion, 20230612.114412, nogui]
[31Jul2026 18:02:56.321] [main/INFO] [cpw.mods.modlauncher.Launcher/MODLAUNCHER]: ModLauncher 10.0.9+10.0.9+main.dcd20f30 starting: java version 17.0.19 by Ubuntu; OS Linux arch amd64 version 6.8.0-1052-azure
[31Jul2026 18:02:58.866] [main/INFO] [net.minecraftforge.fml.loading.ImmediateWindowHandler/]: ImmediateWindowProvider not loading because launch target is forgeserver
[31Jul2026 18:02:58.935] [main/INFO] [mixin/]: SpongePowered MIXIN Subsystem Version=0.8.5 Source=union:/workspaces/Server/servidor_minecraft/libraries/org/spongepowered/mixin/0.8.5/mixin-0.8.5.jar%2363!/ Service=ModLauncher Env=SERVER
[31Jul2026 18:02:59.273] [main/WARN] [net.minecraftforge.fml.loading.moddiscovery.ModDiscoverer/SCAN]: Locator {mods folder locator at /workspaces/Server/servidor_minecraft/mods} returned 3 files which are client-side-only mods, but we're on a dedicated server. They will be skipped!
[31Jul2026 18:02:59.346] [main/WARN] [net.minecraftforge.fml.loading.moddiscovery.ModFileParser/LOADING]: Mod file /workspaces/Server/servidor_minecraft/libraries/net/minecraftforge/fmlcore/1.20.1-47.4.21/fmlcore-1.20.1-47.4.21.jar is missing mods.toml file
[31Jul2026 18:02:59.347] [main/WARN] [net.minecraftforge.fml.loading.moddiscovery.ModFileParser/LOADING]: Mod file /workspaces/Server/servidor_minecraft/libraries/net/minecraftforge/javafmllanguage/1.20.1-47.4.21/javafmllanguage-1.20.1-47.4.21.jar is missing mods.toml file
[31Jul2026 18:02:59.348] [main/WARN] [net.minecraftforge.fml.loading.moddiscovery.ModFileParser/LOADING]: Mod file /workspaces/Server/servidor_minecraft/libraries/net/minecraftforge/lowcodelanguage/1.20.1-47.4.21/lowcodelanguage-1.20.1-47.4.21.jar is missing mods.toml file
[31Jul2026 18:02:59.349] [main/WARN] [net.minecraftforge.fml.loading.moddiscovery.ModFileParser/LOADING]: Mod file /workspaces/Server/servidor_minecraft/libraries/net/minecraftforge/mclanguage/1.20.1-47.4.21/mclanguage-1.20.1-47.4.21.jar is missing mods.toml file
[31Jul2026 18:02:59.818] [main/WARN] [net.minecraftforge.jarjar.selection.JarSelector/]: Attempted to select two dependency jars from JarJar which have the same identification: Mod File:  and Mod File: . Using Mod File: 
[31Jul2026 18:02:59.819] [main/WARN] [net.minecraftforge.jarjar.selection.JarSelector/]: Attempted to select a dependency jar for JarJar which was passed in as source: geckolib. Using Mod File: /workspaces/Server/servidor_minecraft/mods/geckolib-forge-1.20.1-4.8.4.jar
[31Jul2026 18:02:59.820] [main/WARN] [net.minecraftforge.jarjar.selection.JarSelector/]: Attempted to select a dependency jar for JarJar which was passed in as source: curios. Using Mod File: /workspaces/Server/servidor_minecraft/mods/curios-forge-5.14.1+1.20.1.jar
[31Jul2026 18:02:59.820] [main/INFO] [net.minecraftforge.fml.loading.moddiscovery.JarInJarDependencyLocator/]: Found 23 dependencies adding them to mods collection
[31Jul2026 18:03:03.398] [main/INFO] [mixin/]: Compatibility level set to JAVA_17
[31Jul2026 18:03:03.627] [main/ERROR] [mixin/]: Mixin config mixins.epicironcompat.json does not specify "minVersion" property
[31Jul2026 18:03:03.815] [main/INFO] [cpw.mods.modlauncher.LaunchServiceHandler/MODLAUNCHER]: Launching target 'forgeserver' with arguments [nogui]
[31Jul2026 18:03:03.896] [main/WARN] [mixin/]: Reference map 'epigfight_leonidas.refmap.json' for epicfight_leonidas.mixins.json could not be read. If this is a development environment you can ignore this message
[31Jul2026 18:03:04.164] [main/INFO] [ModernFix/]: Loaded configuration file for ModernFix 5.27.63+mc1.20.1: 110 options available, 0 override(s) found
[31Jul2026 18:03:04.165] [main/INFO] [ModernFix/]: Applying Nashorn fix
[31Jul2026 18:03:04.182] [main/INFO] [ModernFix/]: Applied Forge config corruption patch
[31Jul2026 18:03:04.225] [main/WARN] [mixin/]: Reference map 'mixins.epicskills.refmap.json' for mixins.epicskills.json could not be read. If this is a development environment you can ignore this message
[31Jul2026 18:03:04.365] [main/WARN] [mixin/]: Reference map 'morevillagers-forge-forge-refmap.json' for morevillagers.mixins.json could not be read. If this is a development environment you can ignore this message
[31Jul2026 18:03:04.579] [main/WARN] [mixin/]: Reference map 'justhammers-common-refmap.json' for justhammers-common.mixins.json could not be read. If this is a development environment you can ignore this message
[31Jul2026 18:03:04.595] [main/WARN] [mixin/]: Reference map 'nitrogen_internals.refmap.json' for nitrogen_internals.mixins.json could not be read. If this is a development environment you can ignore this message
[31Jul2026 18:03:04.655] [main/INFO] [Radium Config/]: Loaded configuration file for Radium: 125 options available, 1 override(s) found
[31Jul2026 18:03:04.752] [main/WARN] [mixin/]: Reference map 'simplyswords-forge-refmap.json' for simplyswords.mixins.json could not be read. If this is a development environment you can ignore this message
[31Jul2026 18:03:04.831] [main/WARN] [mixin/]: Reference map 'super_warden.mixin-refmap.json' for super_warden.mixins.json could not be read. If this is a development environment you can ignore this message
[31Jul2026 18:03:04.843] [main/WARN] [mixin/]: Reference map 'irons_epic_spell_slingers-common-common-refmap.json' for irons_epic_spell_slingers.mixins.json could not be read. If this is a development environment you can ignore this message
[31Jul2026 18:03:04.914] [main/INFO] [dev.tonimatas.packetfixer.mixins.v1_19_4_forge.MixinPlugin/]: Packet Fixer forge 1.19.4-1.20.1 has been applied successfully.
[31Jul2026 18:03:04.933] [main/WARN] [mixin/]: Reference map 'super_golem.mixin-refmap.json' for super_golem.mixins.json could not be read. If this is a development environment you can ignore this message
[31Jul2026 18:03:06.403] [main/ERROR] [net.minecraftforge.fml.loading.RuntimeDistCleaner/DISTXFORM]: Attempted to load class net/minecraft/client/renderer/block/BlockRenderDispatcher for invalid dist DEDICATED_SERVER
[31Jul2026 18:03:06.404] [main/WARN] [mixin/]: Error loading class: net/minecraft/client/renderer/block/BlockRenderDispatcher (java.lang.RuntimeException: Attempted to load class net/minecraft/client/renderer/block/BlockRenderDispatcher for invalid dist DEDICATED_SERVER)
[31Jul2026 18:03:06.405] [main/WARN] [mixin/]: @Mixin target net.minecraft.client.renderer.block.BlockRenderDispatcher was not found vanillabackport.mixins.json:access.BlockRenderDispatcherAccessor
[31Jul2026 18:03:06.562] [main/WARN] [mixin/]: Error loading class: net/mehvahdjukaar/stone_zone/api/set/stone/StoneType (java.lang.ClassNotFoundException: net.mehvahdjukaar.stone_zone.api.set.stone.StoneType)
[31Jul2026 18:03:06.568] [main/WARN] [mixin/]: Error loading class: jeresources/api/util/BiomeHelper (java.lang.ClassNotFoundException: jeresources.api.util.BiomeHelper)
[31Jul2026 18:03:06.571] [main/WARN] [mixin/]: Error loading class: yalter/mousetweaks/Main (java.lang.ClassNotFoundException: yalter.mousetweaks.Main)
[31Jul2026 18:03:06.910] [main/WARN] [Radium Config/]: Force-disabling mixin 'alloc.blockstate.StateMixin' as option 'mixin.alloc.blockstate' (added by mods [ferritecore]) disables it and children
[31Jul2026 18:03:07.126] [main/WARN] [mixin/]: Error loading class: xyz/przemyk/simpleplanes/upgrades/shooter/ShooterUpgrade (java.lang.ClassNotFoundException: xyz.przemyk.simpleplanes.upgrades.shooter.ShooterUpgrade)
[31Jul2026 18:03:07.127] [main/WARN] [mixin/]: @Mixin target xyz.przemyk.simpleplanes.upgrades.shooter.ShooterUpgrade was not found cgm.mixins.json:common.simpleplanes.ShooterUpgradeMixin
[31Jul2026 18:03:07.475] [main/ERROR] [net.minecraftforge.fml.loading.RuntimeDistCleaner/DISTXFORM]: Attempted to load class net/minecraft/client/Camera for invalid dist DEDICATED_SERVER
[31Jul2026 18:03:07.476] [main/WARN] [mixin/]: Error loading class: net/minecraft/client/Camera (java.lang.RuntimeException: Attempted to load class net/minecraft/client/Camera for invalid dist DEDICATED_SERVER)
[31Jul2026 18:03:07.476] [main/WARN] [mixin/]: @Mixin target net.minecraft.client.Camera was not found legendary_monsters.mixins.json:CameraInvoker
[31Jul2026 18:03:07.516] [main/INFO] [STDOUT/]: [com.hm.efn.mixinloader.CompatInfos:shouldMixin:86]: [EFN Mixin Loader]Apply Default Mixin: com.hm.efn.mixin.ActionAnimationMixin.class -> yesman.epicfight.api.animation.types.ActionAnimation.class
[31Jul2026 18:03:07.517] [main/INFO] [STDOUT/]: [com.hm.efn.mixinloader.CompatInfos:shouldMixin:86]: [EFN Mixin Loader]Apply Default Mixin: com.hm.efn.mixin.AnimationPlayerMixin.class -> yesman.epicfight.api.animation.AnimationPlayer.class
[31Jul2026 18:03:07.518] [main/INFO] [STDOUT/]: [com.hm.efn.mixinloader.CompatInfos:shouldMixin:86]: [EFN Mixin Loader]Apply Default Mixin: com.hm.efn.mixin.ArmaturesAccessor.class -> yesman.epicfight.gameasset.Armatures.class
[31Jul2026 18:03:07.518] [main/INFO] [STDOUT/]: [com.hm.efn.mixinloader.CompatInfos:shouldMixin:86]: [EFN Mixin Loader]Apply Default Mixin: com.hm.efn.mixin.GuardSkillMixin.class -> yesman.epicfight.skill.guard.GuardSkill.class
[31Jul2026 18:03:07.519] [main/INFO] [STDOUT/]: [com.hm.efn.mixinloader.CompatInfos:shouldMixin:86]: [EFN Mixin Loader]Apply Default Mixin: com.hm.efn.mixin.MixinEpicFightCameraAPI.class -> yesman.epicfight.api.client.camera.EpicFightCameraAPI.class
[31Jul2026 18:03:07.520] [main/INFO] [STDOUT/]: [com.hm.efn.mixinloader.CompatInfos:shouldMixin:86]: [EFN Mixin Loader]Apply Default Mixin: com.hm.efn.mixin.MixinInputManager.class -> com.p1nero.invincible.client.InputManager.class
[31Jul2026 18:03:07.521] [main/INFO] [STDOUT/]: [com.hm.efn.mixinloader.CompatInfos:shouldMixin:86]: [EFN Mixin Loader]Apply Default Mixin: com.hm.efn.mixin.MixinMob.class -> net.minecraft.world.entity.Mob.class
[31Jul2026 18:03:07.522] [main/INFO] [STDOUT/]: [com.hm.efn.mixinloader.CompatInfos:shouldMixin:86]: [EFN Mixin Loader]Apply Default Mixin: com.hm.efn.mixin.MixinPatchedItemInHandLayer.class -> yesman.epicfight.client.renderer.patched.layer.PatchedItemInHandLayer.class
[31Jul2026 18:03:07.523] [main/INFO] [STDOUT/]: [com.hm.efn.mixinloader.CompatInfos:shouldMixin:86]: [EFN Mixin Loader]Apply Default Mixin: com.hm.efn.mixin.NearestAttackableTargetGoalMixin.class -> net.minecraft.world.entity.ai.goal.target.NearestAttackableTargetGoal.class
[31Jul2026 18:03:07.523] [main/INFO] [STDOUT/]: [com.hm.efn.mixinloader.CompatInfos:shouldMixin:86]: [EFN Mixin Loader]Apply Default Mixin: com.hm.efn.mixin.ServerPlayerPatchMixin.class -> yesman.epicfight.world.capabilities.entitypatch.player.ServerPlayerPatch.class
[31Jul2026 18:03:07.524] [main/INFO] [STDOUT/]: [com.hm.efn.mixinloader.CompatInfos:shouldMixin:86]: [EFN Mixin Loader]Apply Default Mixin: com.hm.efn.mixin.SkillMixin.class -> yesman.epicfight.skill.Skill.class
[31Jul2026 18:03:07.524] [main/INFO] [STDOUT/]: [com.hm.efn.mixinloader.CompatInfos:shouldMixin:86]: [EFN Mixin Loader]Apply Default Mixin: com.hm.efn.mixin.UtilMixin.class -> net.minecraft.Util.class
[31Jul2026 18:03:07.525] [main/INFO] [STDOUT/]: [com.hm.efn.mixinloader.CompatInfos:shouldMixin:81]: [EFN Mixin Loader]Apply Compat Mixin: com.hm.efn.mixin.compat.cataclysm.MixinIABossMonster.class -> com.github.L_Ender.cataclysm.entity.InternalAnimationMonster.IABossMonsters.IABoss_monster.class
[31Jul2026 18:03:07.526] [main/INFO] [STDOUT/]: [com.hm.efn.mixinloader.CompatInfos:shouldMixin:81]: [EFN Mixin Loader]Apply Compat Mixin: com.hm.efn.mixin.compat.cataclysm.MixinLLibraryBossMonster.class -> com.github.L_Ender.cataclysm.entity.AnimationMonster.BossMonsters.LLibrary_Boss_Monster.class
[31Jul2026 18:03:07.527] [main/INFO] [STDOUT/]: [com.hm.efn.mixinloader.CompatInfos:shouldMixin:81]: [EFN Mixin Loader]Apply Compat Mixin: com.hm.efn.mixin.compat.citadel.AnimationHandlerMixin.class -> com.github.alexthe666.citadel.animation.AnimationHandler.class
[31Jul2026 18:03:07.527] [main/INFO] [STDOUT/]: [com.hm.efn.mixinloader.CompatInfos:shouldMixin:81]: [EFN Mixin Loader]Apply Compat Mixin: com.hm.efn.mixin.compat.geckolib.AnimationProcessorMixin.class -> software.bernie.geckolib.core.animation.AnimationProcessor.class
[31Jul2026 18:03:07.528] [main/INFO] [STDOUT/]: [com.hm.efn.mixinloader.CompatInfos:shouldMixin:81]: [EFN Mixin Loader]Apply Compat Mixin: com.hm.efn.mixin.compat.lionfishapi.AnimationHandlerMixin.class -> com.github.L_Ender.lionfishapi.server.animation.AnimationHandler.class
[31Jul2026 18:03:07.768] [main/ERROR] [net.minecraftforge.fml.loading.RuntimeDistCleaner/DISTXFORM]: Attempted to load class com/mojang/blaze3d/vertex/PoseStack$Pose for invalid dist DEDICATED_SERVER
[31Jul2026 18:03:07.768] [main/WARN] [mixin/]: Error loading class: com/mojang/blaze3d/vertex/PoseStack$Pose (java.lang.RuntimeException: Attempted to load class com/mojang/blaze3d/vertex/PoseStack$Pose for invalid dist DEDICATED_SERVER)
[31Jul2026 18:03:07.839] [main/WARN] [mixin/]: Error loading class: com/mojang/blaze3d/platform/InputConstants$Key (java.lang.ClassNotFoundException: com.mojang.blaze3d.platform.InputConstants$Key)
[31Jul2026 18:03:07.873] [main/INFO] [MixinExtras|Service/]: Initializing MixinExtras via com.llamalad7.mixinextras.service.MixinExtrasServiceImpl(version=0.5.3).
[31Jul2026 18:03:08.246] [main/WARN] [net.minecraft.SystemReport/]: Failed retrieving info for group hardware
java.lang.NoClassDefFoundError: com/sun/jna/Platform
	at oshi.SystemInfo.<clinit>(SystemInfo.java:60) ~[oshi-core-6.2.2.jar%2369!/:6.2.2]
	at net.minecraft.SystemReport.m_143564_(SystemReport.java:52) ~[server-1.20.1-20230612.114412-srg.jar%23373!/:?]
	at net.minecraft.SystemReport.m_143516_(SystemReport.java:82) ~[server-1.20.1-20230612.114412-srg.jar%23373!/:?]
	at net.minecraft.SystemReport.<init>(SystemReport.java:52) ~[server-1.20.1-20230612.114412-srg.jar%23373!/:?]
	at net.minecraft.CrashReport.<init>(CrashReport.java:31) ~[server-1.20.1-20230612.114412-srg.jar%23373!/:?]
	at net.minecraft.CrashReport.m_127529_(CrashReport.java:216) ~[server-1.20.1-20230612.114412-srg.jar%23373!/:?]
	at net.minecraft.server.Main.main(Main.java:116) ~[server-1.20.1-20230612.114412-srg.jar%23373!/:?]
	at jdk.internal.reflect.NativeMethodAccessorImpl.invoke0(Native Method) ~[?:?]
	at jdk.internal.reflect.NativeMethodAccessorImpl.invoke(NativeMethodAccessorImpl.java:77) ~[?:?]
	at jdk.internal.reflect.DelegatingMethodAccessorImpl.invoke(DelegatingMethodAccessorImpl.java:43) ~[?:?]
	at java.lang.reflect.Method.invoke(Method.java:569) ~[?:?]
	at net.minecraftforge.fml.loading.targets.CommonLaunchHandler.runTarget(CommonLaunchHandler.java:111) ~[fmlloader-1.20.1-47.4.21.jar%2367!/:?]
	at net.minecraftforge.fml.loading.targets.CommonLaunchHandler.serverService(CommonLaunchHandler.java:103) ~[fmlloader-1.20.1-47.4.21.jar%2367!/:?]
	at net.minecraftforge.fml.loading.targets.CommonServerLaunchHandler.lambda$makeService$0(CommonServerLaunchHandler.java:27) ~[fmlloader-1.20.1-47.4.21.jar%2367!/:?]
	at cpw.mods.modlauncher.LaunchServiceHandlerDecorator.launch(LaunchServiceHandlerDecorator.java:30) ~[modlauncher-10.0.9.jar%2353!/:?]
	at cpw.mods.modlauncher.LaunchServiceHandler.launch(LaunchServiceHandler.java:53) ~[modlauncher-10.0.9.jar%2353!/:?]
	at cpw.mods.modlauncher.LaunchServiceHandler.launch(LaunchServiceHandler.java:71) ~[modlauncher-10.0.9.jar%2353!/:?]
	at cpw.mods.modlauncher.Launcher.run(Launcher.java:108) ~[modlauncher-10.0.9.jar%2353!/:?]
	at cpw.mods.modlauncher.Launcher.main(Launcher.java:78) ~[modlauncher-10.0.9.jar%2353!/:?]
	at cpw.mods.modlauncher.BootstrapLaunchConsumer.accept(BootstrapLaunchConsumer.java:26) ~[modlauncher-10.0.9.jar%2353!/:?]
	at cpw.mods.modlauncher.BootstrapLaunchConsumer.accept(BootstrapLaunchConsumer.java:23) ~[modlauncher-10.0.9.jar%2353!/:?]
	at cpw.mods.bootstraplauncher.BootstrapLauncher.main(BootstrapLauncher.java:141) ~[bootstraplauncher-1.1.2.jar:?]
Caused by: java.lang.ClassNotFoundException: com.sun.jna.Platform
	at jdk.internal.loader.BuiltinClassLoader.loadClass(BuiltinClassLoader.java:641) ~[?:?]
	at java.lang.ClassLoader.loadClass(ClassLoader.java:525) ~[?:?]
	at cpw.mods.cl.ModuleClassLoader.loadClass(ModuleClassLoader.java:137) ~[securejarhandler-2.1.10.jar:?]
	at java.lang.ClassLoader.loadClass(ClassLoader.java:525) ~[?:?]
	... 22 more
[31Jul2026 18:03:08.348] [main/INFO] [net.minecraft.server.Bootstrap/]: ModernFix reached bootstrap stage (14.84 s after launch)
[31Jul2026 18:03:08.531] [main/WARN] [mixin/]: @Final field delegatesByName:Ljava/util/Map; in modernfix-modernfix.mixins.json:perf.forge_registry_alloc.ForgeRegistryMixin should be final
[31Jul2026 18:03:08.532] [main/WARN] [mixin/]: @Final field delegatesByValue:Ljava/util/Map; in modernfix-modernfix.mixins.json:perf.forge_registry_alloc.ForgeRegistryMixin should be final
[31Jul2026 18:03:08.668] [main/INFO] [ModernFix/]: Injecting BlockStateBase cache population hook into getNeighborPathNodeType from me.jellysquid.mods.lithium.mixin.ai.pathing.AbstractBlockStateMixin
[31Jul2026 18:03:08.668] [main/INFO] [ModernFix/]: Injecting BlockStateBase cache population hook into getPathNodeType from me.jellysquid.mods.lithium.mixin.ai.pathing.AbstractBlockStateMixin
[31Jul2026 18:03:08.668] [main/INFO] [ModernFix/]: Injecting BlockStateBase cache population hook into getAllFlags from me.jellysquid.mods.lithium.mixin.util.block_tracking.AbstractBlockStateMixin
[31Jul2026 18:03:10.777] [main/WARN] [mixin/]: @ModifyConstant conflict. Skipping connectivity.mixins.json:ClientBoundCustomPayloadPacketLMixin->@ModifyConstant::modifyLimit(I)I with priority 1, already redirected by packetfixer.v1_19_4.forge.mixins.json:v1_19_4_forge.ClientboundCustomPayloadPacketMixin->@ModifyConstant::packetfixer$newSize(I)I with priority 1000
[31Jul2026 18:03:10.777] [main/WARN] [mixin/]: @ModifyConstant conflict. Skipping connectivity.mixins.json:ClientBoundCustomPayloadPacketLMixin->@ModifyConstant::modifyLimit(I)I with priority 1, already redirected by packetfixer.v1_19_4.forge.mixins.json:v1_19_4_forge.ClientboundCustomPayloadPacketMixin->@ModifyConstant::packetfixer$newSize(I)I with priority 1000
[31Jul2026 18:03:10.807] [main/INFO] [net.minecraft.server.Bootstrap/]: Vanilla bootstrap took 2450 milliseconds
[31Jul2026 18:03:11.898] [main/WARN] [mixin/]: @Final field f_31427_:[I in mixins.epicfight.json:common.MixinWitherBoss should be final
[31Jul2026 18:03:11.898] [main/WARN] [mixin/]: @Final field f_31428_:[I in mixins.epicfight.json:common.MixinWitherBoss should be final
[31Jul2026 18:03:12.853] [main/WARN] [mixin/]: @Final field f_26027_:Lnet/minecraft/world/entity/ai/targeting/TargetingConditions; in guardvillagers.mixins.json:DefendVillageGoalGolemMixin should be final
[31Jul2026 18:03:13.032] [main/WARN] [net.minecraft.network.syncher.SynchedEntityData/]: defineId called for: class net.minecraft.world.entity.LivingEntity from class yesman.epicfight.world.capabilities.entitypatch.LivingEntityPatch
[31Jul2026 18:03:13.032] [main/WARN] [net.minecraft.network.syncher.SynchedEntityData/]: defineId called for: class net.minecraft.world.entity.LivingEntity from class yesman.epicfight.world.capabilities.entitypatch.LivingEntityPatch
[31Jul2026 18:03:13.032] [main/WARN] [net.minecraft.network.syncher.SynchedEntityData/]: defineId called for: class net.minecraft.world.entity.LivingEntity from class yesman.epicfight.world.capabilities.entitypatch.LivingEntityPatch
[31Jul2026 18:03:13.032] [main/WARN] [net.minecraft.network.syncher.SynchedEntityData/]: defineId called for: class net.minecraft.world.entity.LivingEntity from class yesman.epicfight.world.capabilities.entitypatch.LivingEntityPatch
[31Jul2026 18:03:13.032] [main/WARN] [net.minecraft.network.syncher.SynchedEntityData/]: defineId called for: class net.minecraft.world.entity.LivingEntity from class yesman.epicfight.world.capabilities.entitypatch.LivingEntityPatch
[31Jul2026 18:03:13.033] [main/WARN] [net.minecraft.network.syncher.SynchedEntityData/]: defineId called for: class net.minecraft.world.entity.LivingEntity from class yesman.epicfight.world.capabilities.entitypatch.LivingEntityPatch
[31Jul2026 18:03:13.033] [main/WARN] [net.minecraft.network.syncher.SynchedEntityData/]: defineId called for: class net.minecraft.world.entity.LivingEntity from class yesman.epicfight.world.capabilities.entitypatch.LivingEntityPatch
[31Jul2026 18:03:13.033] [main/WARN] [net.minecraft.network.syncher.SynchedEntityData/]: defineId called for: class net.minecraft.world.entity.LivingEntity from class yesman.epicfight.world.capabilities.entitypatch.LivingEntityPatch
[31Jul2026 18:03:13.033] [main/WARN] [net.minecraft.network.syncher.SynchedEntityData/]: defineId called for: class net.minecraft.world.entity.LivingEntity from class yesman.epicfight.world.capabilities.entitypatch.LivingEntityPatch
[31Jul2026 18:03:13.033] [main/WARN] [net.minecraft.network.syncher.SynchedEntityData/]: defineId called for: class net.minecraft.world.entity.LivingEntity from class yesman.epicfight.world.capabilities.entitypatch.LivingEntityPatch
[31Jul2026 18:03:13.034] [main/WARN] [net.minecraft.network.syncher.SynchedEntityData/]: defineId called for: class net.minecraft.world.entity.LivingEntity from class yesman.epicfight.world.capabilities.entitypatch.LivingEntityPatch
[31Jul2026 18:03:13.034] [main/WARN] [net.minecraft.network.syncher.SynchedEntityData/]: defineId called for: class net.minecraft.world.entity.LivingEntity from class yesman.epicfight.world.capabilities.entitypatch.LivingEntityPatch
[31Jul2026 18:03:13.357] [main/WARN] [mixin/]: @ModifyConstant conflict. Skipping packetfixer.v1_19_4.forge.mixins.json:v1_19_4_forge.ServerGamePacketListenerImplMixin->@ModifyConstant::packetfixer$tick(J)J with priority 1000, already redirected by connectivity.mixins.json:ServerPlayNetHandlerMixin->@ModifyConstant::playTimeout(J)J with priority 1001
[31Jul2026 18:03:14.010] [main/WARN] [mixin/]: Mixin alexscaves.mixins.json:SwampHutPieceMixin has multiple constructors, (Lnet/minecraft/world/level/levelgen/structure/pieces/StructurePieceType;IIIIIILnet/minecraft/core/Direction;)V was selected

[31Jul2026 18:03:14.154] [main/WARN] [mixin/]: Method overwrite conflict for m_47505_ in lithium.mixins.json:world.temperature_cache.BiomeMixin, previously written by org.embeddedt.modernfix.common.mixin.perf.remove_biome_temperature_cache.BiomeMixin. Skipping method.
[31Jul2026 18:03:15.509] [modloading-worker-0/INFO] [Bookshelf/]: Fixing MC-151457. Crafting remainder for minecraft:pufferfish_bucket is now minecraft:bucket.
[31Jul2026 18:03:15.509] [modloading-worker-0/INFO] [Bookshelf/]: Fixing MC-151457. Crafting remainder for minecraft:salmon_bucket is now minecraft:bucket.
[31Jul2026 18:03:15.509] [modloading-worker-0/INFO] [Bookshelf/]: Fixing MC-151457. Crafting remainder for minecraft:cod_bucket is now minecraft:bucket.
[31Jul2026 18:03:15.509] [modloading-worker-0/INFO] [Bookshelf/]: Fixing MC-151457. Crafting remainder for minecraft:tropical_fish_bucket is now minecraft:bucket.
[31Jul2026 18:03:15.509] [modloading-worker-0/INFO] [Bookshelf/]: Fixing MC-151457. Crafting remainder for minecraft:axolotl_bucket is now minecraft:bucket.
[31Jul2026 18:03:15.509] [modloading-worker-0/INFO] [Bookshelf/]: Fixing MC-151457. Crafting remainder for minecraft:powder_snow_bucket is now minecraft:bucket.
[31Jul2026 18:03:15.510] [modloading-worker-0/INFO] [Bookshelf/]: Fixing MC-151457. Crafting remainder for minecraft:tadpole_bucket is now minecraft:bucket.
[31Jul2026 18:03:15.541] [modloading-worker-0/WARN] [net.minecraftforge.common.ForgeConfigSpec/CORE]: Configuration file /workspaces/Server/servidor_minecraft/config/guardvillagers-common.toml is not correct. Correcting
[31Jul2026 18:03:15.942] [modloading-worker-0/INFO] [ironfurnaces.IronFurnaces/]: Initializing Update Checker...
[31Jul2026 18:03:15.947] [Iron Furnaces Update Checker/INFO] [ironfurnaces.IronFurnaces/]: Starting Update Check...
[31Jul2026 18:03:16.179] [modloading-worker-0/INFO] [STDOUT/]: [io.ejekta.kambrik.KambrikModForge:<clinit>:22]: Service loaders found: [io.ejekta.kambrik.bridge.KambrikSharedApiForge@7a75c944]
[31Jul2026 18:03:16.507] [modloading-worker-0/INFO] [me.wesley1808.servercore.common.ServerCore/]: [ServerCore] Loaded V1.5.2+1.20.1!
[31Jul2026 18:03:16.608] [Iron Furnaces Update Checker/INFO] [ironfurnaces.IronFurnaces/]: Update Check done!
[31Jul2026 18:03:16.608] [Iron Furnaces Update Checker/INFO] [ironfurnaces.IronFurnaces/]: Iron Furnaces is up to date!
[31Jul2026 18:03:16.672] [modloading-worker-0/INFO] [com.aetherteam.cumulus.Cumulus/]: Disabling Cumulus as it is on server.
[31Jul2026 18:03:16.749] [modloading-worker-0/INFO] [dev.architectury.networking.forge.NetworkManagerImpl/]: Registering C2S receiver with id architectury:sync_ids
[31Jul2026 18:03:16.764] [modloading-worker-0/INFO] [com.cupboard.Cupboard/]: Loaded config for: cupboard.json
[31Jul2026 18:03:17.146] [modloading-worker-0/INFO] [net.blay09.mods.balm.forge.config.ForgeBalmConfig/]: Registering config for waystones:common (COMMON) with 46 properties.
[31Jul2026 18:03:17.147] [modloading-worker-0/INFO] [epicfight/]: Loaded mod compat: AmethystCompatSkills
[31Jul2026 18:03:17.150] [modloading-worker-0/INFO] [epicfight/]: Loaded mod compat: RapierCompatWoM
[31Jul2026 18:03:17.151] [modloading-worker-0/INFO] [epicfight/]: Loaded mod compat: RapierCompatEFN
[31Jul2026 18:03:17.155] [modloading-worker-0/INFO] [epicfight/]: Loaded mod compat: AmethystCompatWoM
[31Jul2026 18:03:17.157] [modloading-worker-0/INFO] [epicfight/]: Loaded mod compat: AmethystCompatEFN
[31Jul2026 18:03:17.167] [modloading-worker-0/INFO] [epicfight/]: Loaded mod compat: GeckolibCompat
[31Jul2026 18:03:17.169] [modloading-worker-0/INFO] [epicfight/]: Loaded mod compat: IceAndFireCompat
[31Jul2026 18:03:17.169] [modloading-worker-0/INFO] [epicfight/]: Loaded mod compat: CuriosCompat
[31Jul2026 18:03:17.173] [modloading-worker-0/INFO] [epicfight/]: Loaded mod compat: PlayerAnimatorCompat
[31Jul2026 18:03:17.174] [modloading-worker-0/INFO] [epicfight/]: Loaded mod compat: PlayerReviveCompat
[31Jul2026 18:03:17.240] [modloading-worker-0/INFO] [Dungeon Crawl/]: Here we go! Launching Dungeon Crawl 2.3.15...
[31Jul2026 18:03:17.283] [modloading-worker-0/INFO] [com.leclowndu93150.corpsecurioscompat.Main/]: Hello from Corpse Curios Compat!
[31Jul2026 18:03:17.296] [modloading-worker-0/INFO] [net.minecraftforge.common.ForgeMod/FORGEMOD]: Forge mod loading, version 47.4.21, for MC 1.20.1 with MCP 20230612.114412
[31Jul2026 18:03:17.296] [modloading-worker-0/INFO] [net.minecraftforge.common.MinecraftForge/FORGE]: MinecraftForge v47.4.21 Initialized
[31Jul2026 18:03:18.076] [modloading-worker-0/INFO] [thedarkcolour.kotlinforforge.test.KotlinForForge/]: Kotlin For Forge Enabled!
[31Jul2026 18:03:18.103] [modloading-worker-0/INFO] [STDOUT/]: [com.merlin204.avalon.main.AvalonMOD:<init>:36]: Running in production environment
[31Jul2026 18:03:18.115] [modloading-worker-0/INFO] [com.merlin204.avalon.main.AvalonMOD/]: 自动注册实体: SHAKE_WAVE -> shake_wave
[31Jul2026 18:03:18.115] [modloading-worker-0/INFO] [com.merlin204.avalon.main.AvalonMOD/]: 自动注册实体: VFX -> vfx
[31Jul2026 18:03:18.116] [modloading-worker-0/INFO] [com.merlin204.avalon.main.AvalonMOD/]: 自动注册实体: ANIMATION_TEXTURE_VFX -> animation_texture_vfx
[31Jul2026 18:03:18.201] [modloading-worker-0/INFO] [STDOUT/]: [net.sweenus.simplyswords.SimplySwords:init:134]: /workspaces/Server/servidor_minecraft/config
[31Jul2026 18:03:18.264] [modloading-worker-0/INFO] [irons_epic_spell_slingers/]: [effect-bootstrap] registering static effects: spell_sickness, spell_nullification
[31Jul2026 18:03:18.293] [modloading-worker-0/INFO] [com.zonoikk.simpleauth.DatabaseManager/]: SimpleAuth: loaded 5 user(s) into cache.
[31Jul2026 18:03:18.593] [modloading-worker-0/INFO] [STDOUT/]: [com.hm.efn.event.TickChange:init:40]: EFN Tick system has been initialized.
[31Jul2026 18:03:20.374] [main/WARN] [net.minecraftforge.registries.ForgeRegistry/REGISTRIES]: Registry minecraft:sound_event: The object net.minecraft.sounds.SoundEvent@72bcb425 has been registered twice for the same name treechop:chop_wood.
[31Jul2026 18:03:21.034] [main/ERROR] [net.minecraftforge.fml.loading.RuntimeDistCleaner/DISTXFORM]: Attempted to load class com/mojang/blaze3d/vertex/PoseStack for invalid dist DEDICATED_SERVER
[31Jul2026 18:03:21.035] [main/WARN] [Radium Class Analysis/]: Radium Class Analysis Error: Class com.merlin204.avalon.block.testdoor.TestDoor cannot be analysed, because getting declared methods crashes with RuntimeException: Attempted to load class com/mojang/blaze3d/vertex/PoseStack for invalid dist DEDICATED_SERVER. This is usually caused by modded entities declaring methods that have a return type or parameter type that is annotated with @OnlyIn(Dist.CLIENT). Loading the type is not possible, because it only exists in the CLIENT environment. The recommended fix is to annotate the method with this argument or return type with the same annotation. Lithium handles this error by assuming the class cannot be included in some optimizations.
[31Jul2026 18:03:21.036] [main/ERROR] [net.minecraftforge.fml.loading.RuntimeDistCleaner/DISTXFORM]: Attempted to load class com/mojang/blaze3d/vertex/PoseStack for invalid dist DEDICATED_SERVER
[31Jul2026 18:03:21.036] [main/WARN] [Radium Class Analysis/]: Radium Class Analysis Error: Class com.merlin204.avalon.block.testdoor.TestDoor cannot be analysed, because getting declared methods crashes with RuntimeException: Attempted to load class com/mojang/blaze3d/vertex/PoseStack for invalid dist DEDICATED_SERVER. This is usually caused by modded entities declaring methods that have a return type or parameter type that is annotated with @OnlyIn(Dist.CLIENT). Loading the type is not possible, because it only exists in the CLIENT environment. The recommended fix is to annotate the method with this argument or return type with the same annotation. Lithium handles this error by assuming the class cannot be included in some optimizations.
[31Jul2026 18:03:21.996] [main/ERROR] [net.minecraftforge.fml.config.ConfigTracker/CONFIG]: Detected config file conflict multitools.toml between multitools and multitools
[31Jul2026 18:03:21.997] [main/WARN] [Multitools Enhanced/]: Error loading config java.lang.reflect.InvocationTargetException
[31Jul2026 18:03:23.103] [main/INFO] [Moonlight/]: Initialized block sets in 11ms
[31Jul2026 18:03:23.566] [main/INFO] [ModernFix/]: Bypassed Mojang DFU
[31Jul2026 18:03:23.567] [main/INFO] [ModernFix/]: Instantiating Mojang DFU
[31Jul2026 18:03:24.899] [main/INFO] [STDOUT/]: [net.yonchi.refm.skill.guard.RapierCompatSkills:onGuardSkillCreate:32]: [RapierCompatSkills] Skill being builded: epicfight:guard
[31Jul2026 18:03:24.900] [main/INFO] [STDOUT/]: [net.yonchi.refm.skill.guard.RapierCompatSkills:onGuardSkillCreate:52]: [RapierCompatSkills] Rapier Guard animations has been implemented
[31Jul2026 18:03:24.901] [main/INFO] [STDOUT/]: [net.yonchi.refm.skill.guard.AmethystCompatSkills:onGuardSkillCreate:34]: [AmethystCompatSkills] Skill being builded: epicfight:guard
[31Jul2026 18:03:24.901] [main/INFO] [STDOUT/]: [net.yonchi.refm.skill.guard.AmethystCompatSkills:onGuardSkillCreate:42]: [AmethystCompatSkills] Amethyst Guard animations has been implemented
[31Jul2026 18:03:24.904] [main/INFO] [STDOUT/]: [net.yonchi.refm.skill.guard.RapierCompatSkills:onGuardSkillCreate:32]: [RapierCompatSkills] Skill being builded: epicfight:parrying
[31Jul2026 18:03:24.906] [main/INFO] [STDOUT/]: [net.yonchi.refm.skill.guard.RapierCompatSkills:onParrySkillCreate:85]: [RapierCompatSkills] Rapier Parry animations has been implemented
[31Jul2026 18:03:24.906] [main/INFO] [STDOUT/]: [net.yonchi.refm.skill.guard.AmethystCompatSkills:onGuardSkillCreate:34]: [AmethystCompatSkills] Skill being builded: epicfight:parrying
[31Jul2026 18:03:24.906] [main/INFO] [STDOUT/]: [net.yonchi.refm.skill.guard.AmethystCompatSkills:onParrySkillCreate:57]: [AmethystCompatSkills] Amethyst Parry animations has been implemented
[31Jul2026 18:03:24.909] [main/INFO] [STDOUT/]: [net.yonchi.refm.skill.guard.RapierCompatSkills:onGuardSkillCreate:32]: [RapierCompatSkills] Skill being builded: epicfight:impact_guard
[31Jul2026 18:03:24.910] [main/INFO] [STDOUT/]: [net.yonchi.refm.skill.guard.AmethystCompatSkills:onGuardSkillCreate:34]: [AmethystCompatSkills] Skill being builded: epicfight:impact_guard
[31Jul2026 18:03:24.921] [main/INFO] [STDOUT/]: [net.yonchi.refm.skill.guard.RapierCompatSkills:onScapeSkillCreate:97]: [RapierCompatSkills] Emergency escape has been implemented
[31Jul2026 18:03:24.922] [main/INFO] [STDOUT/]: [net.yonchi.refm.skill.guard.AmethystCompatSkills:onScapeSkillCreate:66]: [AmethystCompatSkills] Emergency escape has been implemented
[31Jul2026 18:03:24.929] [main/INFO] [STDOUT/]: [net.yonchi.refm.skill.guard.RapierCompatSkills:onSwordSkillCreate:109]: [RapierCompatSkills] SwordMaster has been implemented
[31Jul2026 18:03:24.930] [main/INFO] [STDOUT/]: [net.yonchi.refm.skill.guard.AmethystCompatSkills:onSwordSkillCreate:75]: [AmethystCompatSkills] SwordMaster has been implemented
[31Jul2026 18:03:25.020] [main/INFO] [STDOUT/]: [net.yonchi.refm.skill.guard.RapierCompatSkills:onGuardSkillCreate:32]: [RapierCompatSkills] Skill being builded: wom:counter_attack
[31Jul2026 18:03:25.021] [main/INFO] [STDOUT/]: [net.yonchi.refm.skill.guard.AmethystCompatSkills:onGuardSkillCreate:34]: [AmethystCompatSkills] Skill being builded: wom:counter_attack
[31Jul2026 18:03:25.023] [main/INFO] [STDOUT/]: [net.yonchi.refm.skill.guard.RapierCompatSkills:onGuardSkillCreate:32]: [RapierCompatSkills] Skill being builded: wom:vengeful_parry
[31Jul2026 18:03:25.024] [main/INFO] [STDOUT/]: [net.yonchi.refm.skill.guard.AmethystCompatSkills:onGuardSkillCreate:34]: [AmethystCompatSkills] Skill being builded: wom:vengeful_parry
[31Jul2026 18:03:25.028] [main/INFO] [STDOUT/]: [net.yonchi.refm.skill.guard.RapierCompatSkills:onGuardSkillCreate:32]: [RapierCompatSkills] Skill being builded: wom:perfect_bulwark
[31Jul2026 18:03:25.028] [main/INFO] [STDOUT/]: [net.yonchi.refm.skill.guard.AmethystCompatSkills:onGuardSkillCreate:34]: [AmethystCompatSkills] Skill being builded: wom:perfect_bulwark
[31Jul2026 18:03:25.034] [main/INFO] [STDOUT/]: [net.yonchi.refm.skill.guard.RapierCompatSkills:onGuardSkillCreate:32]: [RapierCompatSkills] Skill being builded: wom:buster_parade
[31Jul2026 18:03:25.034] [main/INFO] [STDOUT/]: [net.yonchi.refm.skill.guard.AmethystCompatSkills:onGuardSkillCreate:34]: [AmethystCompatSkills] Skill being builded: wom:buster_parade
[31Jul2026 18:03:25.167] [main/INFO] [STDOUT/]: [net.yonchi.refm.skill.guard.RapierCompatSkills:onGuardSkillCreate:32]: [RapierCompatSkills] Skill being builded: efn:efn_parry
[31Jul2026 18:03:25.169] [main/INFO] [STDOUT/]: [net.yonchi.refm.skill.guard.RapierCompatEFN:onEnhancedParrySkillCreate:60]: [RapierCompatENF] Rapier Parry animations has been implemented
[31Jul2026 18:03:25.169] [main/INFO] [STDOUT/]: [net.yonchi.refm.skill.guard.AmethystCompatSkills:onGuardSkillCreate:34]: [AmethystCompatSkills] Skill being builded: efn:efn_parry
[31Jul2026 18:03:25.169] [main/INFO] [STDOUT/]: [net.yonchi.refm.skill.guard.AmethystCompatEFN:onParrySkillCreate:42]: [AmethystCompatEFN] Amethyst Parry animations has been implemented
[31Jul2026 18:03:25.172] [main/INFO] [STDOUT/]: [net.yonchi.refm.skill.guard.RapierCompatSkills:onGuardSkillCreate:32]: [RapierCompatSkills] Skill being builded: efn:murasama_parry
[31Jul2026 18:03:25.172] [main/INFO] [STDOUT/]: [net.yonchi.refm.skill.guard.AmethystCompatSkills:onGuardSkillCreate:34]: [AmethystCompatSkills] Skill being builded: efn:murasama_parry
[31Jul2026 18:03:25.264] [main/INFO] [ModdingLegacy/StructureGel/]: [structure_gel] Registering data for structure_gel:loot_table_alias
[31Jul2026 18:03:25.275] [main/INFO] [ModdingLegacy/StructureGel/]: [structure_gel] Registering data for structure_gel:data_handler_type
[31Jul2026 18:03:25.279] [main/INFO] [ModdingLegacy/StructureGel/]: [structure_gel] Registering data for structure_gel:dynamic_spawner
[31Jul2026 18:03:25.281] [main/INFO] [ModdingLegacy/StructureGel/]: [structure_gel] Registering data for structure_gel:jigsaw_type
[31Jul2026 18:03:25.468] [main/WARN] [net.minecraft.network.syncher.SynchedEntityData/]: defineId called for: class net.minecraft.world.entity.player.Player from class yesman.epicfight.world.capabilities.entitypatch.player.PlayerPatch
[31Jul2026 18:03:25.620] [main/WARN] [net.minecraft.network.syncher.SynchedEntityData/]: defineId called for: class net.minecraft.world.entity.TamableAnimal from class reascer.wom.world.entity.mob.EnderHand
[31Jul2026 18:03:25.620] [main/WARN] [net.minecraft.network.syncher.SynchedEntityData/]: defineId called for: class net.minecraft.world.entity.TamableAnimal from class reascer.wom.world.entity.mob.TargetingHelper
[31Jul2026 18:03:25.636] [main/WARN] [net.minecraft.network.syncher.SynchedEntityData/]: defineId called for: class com.github.alexmodguy.alexscaves.server.entity.living.TremorzillaEntity from class com.github.alexmodguy.alexscaves.server.entity.living.LicowitchEntity
[31Jul2026 18:03:25.682] [main/WARN] [net.minecraft.network.syncher.SynchedEntityData/]: defineId called for: class net.minecraft.world.entity.boss.wither.WitherBoss from class yesman.epicfight.world.capabilities.entitypatch.boss.WitherPatch
[31Jul2026 18:03:25.683] [main/WARN] [net.minecraft.network.syncher.SynchedEntityData/]: defineId called for: class net.minecraft.world.entity.boss.wither.WitherBoss from class yesman.epicfight.world.capabilities.entitypatch.boss.WitherPatch
[31Jul2026 18:03:25.683] [main/WARN] [net.minecraft.network.syncher.SynchedEntityData/]: defineId called for: class net.minecraft.world.entity.boss.wither.WitherBoss from class yesman.epicfight.world.capabilities.entitypatch.boss.WitherPatch
[31Jul2026 18:03:25.683] [main/WARN] [net.minecraft.network.syncher.SynchedEntityData/]: defineId called for: class net.minecraft.world.entity.boss.wither.WitherBoss from class yesman.epicfight.world.capabilities.entitypatch.boss.WitherPatch
[31Jul2026 18:03:25.683] [main/WARN] [net.minecraft.network.syncher.SynchedEntityData/]: defineId called for: class net.minecraft.world.entity.boss.wither.WitherBoss from class yesman.epicfight.world.capabilities.entitypatch.boss.WitherPatch
[31Jul2026 18:03:25.683] [main/WARN] [net.minecraft.network.syncher.SynchedEntityData/]: defineId called for: class net.minecraft.world.entity.boss.wither.WitherBoss from class yesman.epicfight.world.capabilities.entitypatch.boss.WitherPatch
[31Jul2026 18:03:25.683] [main/WARN] [net.minecraft.network.syncher.SynchedEntityData/]: defineId called for: class net.minecraft.world.entity.boss.wither.WitherBoss from class yesman.epicfight.world.capabilities.entitypatch.boss.WitherPatch
[31Jul2026 18:03:25.684] [main/WARN] [net.minecraft.network.syncher.SynchedEntityData/]: defineId called for: class net.minecraft.world.entity.boss.wither.WitherBoss from class yesman.epicfight.world.capabilities.entitypatch.boss.WitherPatch
[31Jul2026 18:03:25.684] [main/WARN] [net.minecraft.network.syncher.SynchedEntityData/]: defineId called for: class net.minecraft.world.entity.boss.wither.WitherBoss from class yesman.epicfight.world.capabilities.entitypatch.boss.WitherPatch
[31Jul2026 18:03:26.022] [main/WARN] [net.minecraftforge.common.ForgeConfigSpec/CORE]: Configuration file /workspaces/Server/servidor_minecraft/config/guardvillagers-common.toml is not correct. Correcting
[31Jul2026 18:03:26.105] [main/INFO] [com.yukami.efiscompat.config.CommonConfig/]: Config loaded! [irons_spellbooks:blood_staff, irons_spellbooks:ice_staff, irons_spellbooks:graybeard_staff, irons_spellbooks:artificer_cane, irons_spellbooks:lightning_rod, irons_spellbooks:magehunter, irons_spellbooks:keeper_flamberge, irons_spellbooks:spellbreaker, irons_spellbooks:amethyst_rapier, irons_spellbooks:hither_thither_wand]
[31Jul2026 18:03:26.218] [Thread-0/INFO] [ModernFix/]: Please use /mfsrc to reload any changed mod config files
[31Jul2026 18:03:26.389] [modloading-worker-0/INFO] [com.connectivity.Connectivity/]: Connectivity initialized
[31Jul2026 18:03:26.491] [modloading-worker-0/INFO] [terrablender/]: Registered region minecraft:overworld to index 0 for type OVERWORLD
[31Jul2026 18:03:26.491] [modloading-worker-0/INFO] [terrablender/]: Registered region minecraft:nether to index 0 for type NETHER
[31Jul2026 18:03:26.492] [modloading-worker-0/INFO] [terrablender/]: Registered region vanillabackport:overworld to index 1 for type OVERWORLD
[31Jul2026 18:03:26.566] [modloading-worker-0/INFO] [Dungeon Crawl/]: Common Setup
[31Jul2026 18:03:26.580] [Forge Version Check/INFO] [net.minecraftforge.fml.VersionChecker/]: [aether] Starting version check at https://github.com/The-Aether-Team/The-Aether/raw/1.20.1-develop/update.json
[31Jul2026 18:03:26.584] [modloading-worker-0/INFO] [com.brass_amber.ba_bt.BABattleTowers/]: HELLO FROM COMMON SETUP
[31Jul2026 18:03:26.586] [modloading-worker-0/INFO] [voicechat/]: [voicechat] Compatibility version 20
[31Jul2026 18:03:26.598] [modloading-worker-0/INFO] [CorgiLib/]: Initializing network...
[31Jul2026 18:03:26.601] [modloading-worker-0/INFO] [CorgiLib/]: Initialized network!
[31Jul2026 18:03:26.663] [modloading-worker-0/INFO] [voicechat/]: [voicechat] Loading plugins
[31Jul2026 18:03:26.667] [modloading-worker-0/INFO] [voicechat/]: [voicechat] Loaded 0 plugin(s)
[31Jul2026 18:03:26.667] [modloading-worker-0/INFO] [voicechat/]: [voicechat] Initializing plugins
[31Jul2026 18:03:26.668] [modloading-worker-0/INFO] [voicechat/]: [voicechat] Initialized 0 plugin(s)
[31Jul2026 18:03:26.853] [main/INFO] [Framework/SYNCED_ENTITY_DATA]: Registered synced data key cgm:aiming for minecraft:player
[31Jul2026 18:03:26.853] [main/INFO] [Framework/SYNCED_ENTITY_DATA]: Registered synced data key cgm:reloading for minecraft:player
[31Jul2026 18:03:26.853] [main/INFO] [Framework/SYNCED_ENTITY_DATA]: Registered synced data key cgm:shooting for minecraft:player
[31Jul2026 18:03:26.963] [Forge Version Check/INFO] [net.minecraftforge.fml.VersionChecker/]: [aether] Found status: UP_TO_DATE Current: 1.20.1-1.5.2-neoforge Target: null
[31Jul2026 18:03:26.963] [Forge Version Check/INFO] [net.minecraftforge.fml.VersionChecker/]: [bookshelf] Starting version check at https://updates.blamejared.com/get?n=bookshelf&gv=1.20.1
[31Jul2026 18:03:26.977] [main/INFO] [Moonlight/]: Initialized color sets in 46ms
[31Jul2026 18:03:27.292] [modloading-worker-0/INFO] [io.redspace.ironsspellbooks.IronsSpellbooks/]: Got IMC []
[31Jul2026 18:03:27.394] [modloading-worker-0/INFO] [AttributeFix/]: Loaded values for 98 compatible attributes.
[31Jul2026 18:03:27.403] [modloading-worker-0/WARN] [AttributeFix/]: Attribute ID 'additionalentityattributes:magic_protection' does not belong to a known attribute. This entry will be ignored.
[31Jul2026 18:03:27.404] [modloading-worker-0/WARN] [AttributeFix/]: Attribute ID 'additionalentityattributes:bonus_loot_count_rolls' does not belong to a known attribute. This entry will be ignored.
[31Jul2026 18:03:27.404] [modloading-worker-0/WARN] [AttributeFix/]: Attribute ID 'additionalentityattributes:lung_capacity' does not belong to a known attribute. This entry will be ignored.
[31Jul2026 18:03:27.404] [modloading-worker-0/WARN] [AttributeFix/]: Attribute ID 'additionalentityattributes:dig_speed' does not belong to a known attribute. This entry will be ignored.
[31Jul2026 18:03:27.404] [modloading-worker-0/WARN] [AttributeFix/]: Attribute ID 'additionalentityattributes:water_visibility' does not belong to a known attribute. This entry will be ignored.
[31Jul2026 18:03:27.404] [modloading-worker-0/WARN] [AttributeFix/]: Attribute ID 'additionalentityattributes:critical_bonus_damage' does not belong to a known attribute. This entry will be ignored.
[31Jul2026 18:03:27.404] [modloading-worker-0/WARN] [AttributeFix/]: Attribute ID 'additionalentityattributes:dropped_experience' does not belong to a known attribute. This entry will be ignored.
[31Jul2026 18:03:27.405] [modloading-worker-0/WARN] [AttributeFix/]: Attribute ID 'additionalentityattributes:lava_visibility' does not belong to a known attribute. This entry will be ignored.
[31Jul2026 18:03:27.405] [modloading-worker-0/WARN] [AttributeFix/]: Attribute ID 'additionalentityattributes:water_speed' does not belong to a known attribute. This entry will be ignored.
[31Jul2026 18:03:27.405] [modloading-worker-0/WARN] [AttributeFix/]: Attribute ID 'additionalentityattributes:lava_speed' does not belong to a known attribute. This entry will be ignored.
[31Jul2026 18:03:27.405] [modloading-worker-0/WARN] [AttributeFix/]: Attribute ID 'additionalentityattributes:bonus_rare_loot_rolls' does not belong to a known attribute. This entry will be ignored.
[31Jul2026 18:03:27.405] [modloading-worker-0/INFO] [AttributeFix/]: Loaded 109 values from config.
[31Jul2026 18:03:27.417] [modloading-worker-0/INFO] [AttributeFix/]: Saving config file. 109 entries.
[31Jul2026 18:03:27.418] [modloading-worker-0/INFO] [AttributeFix/]: Applying changes for 109 attributes.
[31Jul2026 18:03:27.441] [main/INFO] [citadel/]: adding citadel surface rules via terrablender...
[31Jul2026 18:03:27.442] [main/INFO] [citadel/]: Added 0 vanilla biome surface rule types via terrablender
[31Jul2026 18:03:27.442] [main/INFO] [citadel/]: Added 1 modded biome surface rule types via terrablender
[31Jul2026 18:03:27.555] [Forge Version Check/INFO] [net.minecraftforge.fml.VersionChecker/]: [bookshelf] Found status: BETA Current: 20.2.15 Target: 20.2.15
[31Jul2026 18:03:27.555] [Forge Version Check/INFO] [net.minecraftforge.fml.VersionChecker/]: [guardvillagers] Starting version check at https://raw.githubusercontent.com/seymourimadeit/guardvillagers/master/update.json
[31Jul2026 18:03:27.567] [Forge Version Check/INFO] [net.minecraftforge.fml.VersionChecker/]: [guardvillagers] Found status: BETA Current: 1.20.1-1.6.18 Target: 1.20-1.6.5
[31Jul2026 18:03:27.567] [Forge Version Check/INFO] [net.minecraftforge.fml.VersionChecker/]: [lost_aether_content] Starting version check at http://changelogs.moddinglegacy.com/lost-content.json
[31Jul2026 18:03:27.763] [main/INFO] [epicfight/]: Data keys [invincible:dodge_success_timer, invincible:right, invincible:cooldown, invincible:up, invincible:down, invincible:left, invincible:parry_timer] for invincible:combo_demo
[31Jul2026 18:03:27.763] [main/INFO] [epicfight/]: Data keys [epicfight:combo_counter, epicfight:basic_attack_active] for epicfight:basic_attack
[31Jul2026 18:03:27.763] [main/INFO] [epicfight/]: Data keys [epicfight:penalty_restore_counter, epicfight:penalty] for epicfight:guard
[31Jul2026 18:03:27.763] [main/INFO] [epicfight/]: Data keys [epicfight:parry_motion_counter, epicfight:penalty_restore_counter, epicfight:last_active, epicfight:penalty] for epicfight:parrying
[31Jul2026 18:03:27.764] [main/INFO] [epicfight/]: Data keys [epicfight:penalty_restore_counter, epicfight:penalty] for epicfight:impact_guard
[31Jul2026 18:03:27.764] [main/INFO] [epicfight/]: Data keys [epicfight:resisting_damage_type, epicfight:stacks, epicfight:tick_record] for epicfight:adaptive_skin
[31Jul2026 18:03:27.764] [main/INFO] [epicfight/]: Data keys [epicfight:tick_record] for epicfight:adrenaline_fiend
[31Jul2026 18:03:27.764] [main/INFO] [epicfight/]: Data keys [epicfight:entity_id, epicfight:stacks] for epicfight:bonebreaker
[31Jul2026 18:03:27.764] [main/INFO] [epicfight/]: Data keys [epicfight:entity_id, epicfight:tick_record] for epicfight:vengeance
[31Jul2026 18:03:27.764] [main/INFO] [epicfight/]: Data keys [epicfight:fall_distance, epicfight:slam_protect_next_fall] for epicfight:meteor_slam
[31Jul2026 18:03:27.764] [main/INFO] [epicfight/]: Data keys [epicfight:stacks] for epicfight:revelation
[31Jul2026 18:03:27.765] [main/INFO] [epicfight/]: Data keys [epicfight:slam_protect_next_fall] for epicfight:demolition_leap
[31Jul2026 18:03:27.765] [main/INFO] [epicfight/]: Data keys [epicfight:jump_key_pressed_last_tick, epicfight:jump_count, epicfight:slam_protect_next_fall] for epicfight:phantom_ascent
[31Jul2026 18:03:27.765] [main/INFO] [epicfight/]: Data keys [epicfight:last_hit_count] for epicfight:grasping_spire
[31Jul2026 18:03:27.765] [main/INFO] [epicfight/]: Data keys [epicfight:sheath] for epicfight:battojutsu_passive
[31Jul2026 18:03:27.765] [main/INFO] [epicfight/]: Data keys [epicfight:sheath] for epicfight:battojutsu
[31Jul2026 18:03:27.765] [main/INFO] [epicfight/]: Data keys [epicfight:combo_counter] for epicfight:blade_rush
[31Jul2026 18:03:27.765] [main/INFO] [epicfight/]: Data keys [epicfight:thrown_trident_entity_id] for epicfight:everlasting_allegiance
[31Jul2026 18:03:27.766] [main/INFO] [epicfight/]: Data keys [sword_soaring:cooldown_timer, sword_soaring:sword_entity_id] for sword_soaring:kill_aura_1
[31Jul2026 18:03:27.766] [main/INFO] [epicfight/]: Data keys [sword_soaring:cooldown_timer, sword_soaring:sword_entity_id] for sword_soaring:kill_aura_2
[31Jul2026 18:03:27.766] [main/INFO] [epicfight/]: Data keys [sword_soaring:cooldown_timer, sword_soaring:sword_entity_id, sword_soaring:protect_count] for sword_soaring:screen_sword
[31Jul2026 18:03:27.766] [main/INFO] [epicfight/]: Data keys [sword_soaring:cooldown_timer, sword_soaring:play_big_dipper, sword_soaring:delay_timer] for sword_soaring:rain_sword
[31Jul2026 18:03:27.766] [main/INFO] [epicfight/]: Data keys [sword_soaring:cooldown_timer, sword_soaring:camera_timer] for sword_soaring:babylon
[31Jul2026 18:03:27.766] [main/INFO] [epicfight/]: Data keys [sword_soaring:is_charging, sword_soaring:cooldown_timer, sword_soaring:is_pressing] for sword_soaring:wan_jian_gui_zong
[31Jul2026 18:03:27.766] [main/INFO] [epicfight/]: Data keys [sword_soaring:cooldown_timer, sword_soaring:flying, sword_soaring:accelerating] for sword_soaring:sword_soaring_apprentice
[31Jul2026 18:03:27.767] [main/INFO] [epicfight/]: Data keys [sword_soaring:cooldown_timer, sword_soaring:flying, sword_soaring:accelerating] for sword_soaring:sword_soaring_expert
[31Jul2026 18:03:27.767] [main/INFO] [epicfight/]: Data keys [sword_soaring:cooldown_timer, sword_soaring:flying, sword_soaring:accelerating] for sword_soaring:sword_soaring_master
[31Jul2026 18:03:27.767] [main/INFO] [epicfight/]: Data keys [sword_soaring:cooldown_timer, sword_soaring:flying, sword_soaring:accelerating] for sword_soaring:sword_soaring_elytra_apprentice
[31Jul2026 18:03:27.767] [main/INFO] [epicfight/]: Data keys [sword_soaring:cooldown_timer, sword_soaring:flying, sword_soaring:accelerating] for sword_soaring:sword_soaring_elytra_expert
[31Jul2026 18:03:27.767] [main/INFO] [epicfight/]: Data keys [sword_soaring:cooldown_timer, sword_soaring:flying, sword_soaring:accelerating] for sword_soaring:sword_soaring_elytra_master
[31Jul2026 18:03:27.767] [main/INFO] [epicfight/]: Data keys [invincible:dodge_success_timer, invincible:right, invincible:cooldown, invincible:up, invincible:down, invincible:left, invincible:parry_timer] for sword_soaring:vatansever_innate
[31Jul2026 18:03:27.767] [main/INFO] [epicfight/]: Data keys [sword_soaring:artifact_spirit_entity_id, sword_soaring:sword_count] for sword_soaring:vatansever_passive
[31Jul2026 18:03:27.768] [main/INFO] [epicfight/]: Data keys [refm:combo_counter, refm:last_hit_count] for refm:deadlybackflip
[31Jul2026 18:03:27.768] [main/INFO] [epicfight/]: Data keys [refm:combo_counter, refm:last_hit_count] for refm:deadlybackflip_ender
[31Jul2026 18:03:27.768] [main/INFO] [epicfight/]: Data keys [refm:combo_counter, refm:last_hit_count] for refm:deadlybackflip_ocean
[31Jul2026 18:03:27.768] [main/INFO] [epicfight/]: Data keys [refm:combo_counter, refm:last_hit_count] for refm:deadlybackflip_wither
[31Jul2026 18:03:27.768] [main/INFO] [epicfight/]: Data keys [refm:combo_counter, refm:last_hit_count] for refm:deadlybackflip_amethyst
[31Jul2026 18:03:27.768] [main/INFO] [epicfight/]: Data keys [wom:target_id] for wom:ender_obscuris
[31Jul2026 18:03:27.768] [main/INFO] [epicfight/]: Data keys [wom:timer_refresh, wom:timer, wom:dodge] for wom:dodge_master
[31Jul2026 18:03:27.768] [main/INFO] [epicfight/]: Data keys [wom:active, wom:timer_refresh, wom:timer, wom:registered_health, wom:cooldown, wom:dodge, wom:registered_position] for wom:time_travel
[31Jul2026 18:03:27.769] [main/INFO] [epicfight/]: Data keys [wom:cooldown] for wom:punishment_kick
[31Jul2026 18:03:27.769] [main/INFO] [epicfight/]: Data keys [epicfight:penalty_restore_counter, wom:parrying, wom:holding_rmb, epicfight:penalty, wom:last_active, wom:consumprion_value] for wom:counter_attack
[31Jul2026 18:03:27.769] [main/INFO] [epicfight/]: Data keys [wom:holding_stance, epicfight:penalty_restore_counter, wom:timer_refresh, wom:timer, wom:vengence_duration, epicfight:penalty, wom:charge, wom:cooldown, wom:consumprion_value] for wom:vengeful_parry
[31Jul2026 18:03:27.769] [main/INFO] [epicfight/]: Data keys [epicfight:penalty_restore_counter, wom:parrying, wom:holding_rmb, epicfight:penalty, wom:charge, wom:cooldown] for wom:perfect_bulwark
[31Jul2026 18:03:27.769] [main/INFO] [epicfight/]: Data keys [wom:cycle, wom:charge] for wom:soul_protection
[31Jul2026 18:03:27.769] [main/INFO] [epicfight/]: Data keys [wom:cycle, wom:charge] for wom:shulker_cloak
[31Jul2026 18:03:27.769] [main/INFO] [epicfight/]: Data keys [wom:active, epicfight:penalty_restore_counter, wom:timer, wom:holding_rmb, epicfight:penalty] for wom:buster_parade
[31Jul2026 18:03:27.769] [main/INFO] [epicfight/]: Data keys [wom:active, wom:timer_refresh, wom:timer, wom:duree] for wom:pain_anticipation
[31Jul2026 18:03:27.770] [main/INFO] [epicfight/]: Data keys [wom:active, wom:timer_refresh, wom:timer, wom:duree] for wom:latent_retribution
[31Jul2026 18:03:27.770] [main/INFO] [epicfight/]: Data keys [wom:rate, wom:power] for wom:critical_knowledge
[31Jul2026 18:03:27.770] [main/INFO] [epicfight/]: Data keys [wom:recovery_rate, wom:max_shield, wom:cooldown] for wom:heart_shield
[31Jul2026 18:03:27.770] [main/INFO] [epicfight/]: Data keys [wom:saved_elapsed_time, wom:step, wom:melody_index] for wom:dancing_blade
[31Jul2026 18:03:27.770] [main/INFO] [epicfight/]: Data keys [wom:active, wom:cycle, wom:timer_refresh, wom:timer, wom:duree, wom:stage] for wom:meditation
[31Jul2026 18:03:27.770] [main/INFO] [epicfight/]: Data keys [wom:cooldown] for wom:dopamine
[31Jul2026 18:03:27.770] [main/INFO] [epicfight/]: Data keys [wom:last_active] for wom:manipulator
[31Jul2026 18:03:27.770] [main/INFO] [epicfight/]: Data keys [wom:timer, wom:stack, wom:rate, wom:power] for wom:lethal_focus
[31Jul2026 18:03:27.770] [main/INFO] [epicfight/]: Data keys [wom:angle, wom:timer_refresh, wom:timer, wom:jump_key_up, wom:wall_running, wom:wall_glide] for wom:spider_techniques
[31Jul2026 18:03:27.771] [main/INFO] [epicfight/]: Data keys [wom:water_dashing, wom:mermaid_movement, wom:diving, wom:crawling, wom:jump_key_up, wom:cooldown, wom:consumprion_value] for wom:aqua_maneuvre
[31Jul2026 18:03:27.771] [main/INFO] [epicfight/]: Data keys [wom:active, wom:verso, wom:timer, wom:stage, wom:buffing, wom:consumprion_value, wom:wall_running, wom:wall_glide] for wom:natural_sprinter
[31Jul2026 18:03:27.771] [main/INFO] [epicfight/]: Data keys [wom:timer] for wom:lunatic_vivacity
[31Jul2026 18:03:27.771] [main/INFO] [epicfight/]: Data keys [wom:timer, wom:registered_health, wom:consumprion_value] for wom:voodoo_magic
[31Jul2026 18:03:27.771] [main/INFO] [epicfight/]: Data keys [wom:target_id, wom:target_distance] for wom:back_and_forth
[31Jul2026 18:03:27.771] [main/INFO] [epicfight/]: Data keys [wom:combo, wom:cooldown] for wom:shooting_style
[31Jul2026 18:03:27.771] [main/INFO] [epicfight/]: Data keys [wom:active, wom:timer] for wom:proximity_exploiter
[31Jul2026 18:03:27.771] [main/INFO] [epicfight/]: Data keys [wom:timer, wom:stack] for wom:all_eyes_on_you
[31Jul2026 18:03:27.771] [main/INFO] [epicfight/]: Data keys [wom:timer, wom:stack] for wom:all_eyes_on_me
[31Jul2026 18:03:27.771] [main/INFO] [epicfight/]: Data keys [wom:timer, wom:cooldown] for wom:avatar_of_might
[31Jul2026 18:03:27.771] [main/INFO] [epicfight/]: Data keys [wom:active, wom:stack, wom:attacks] for wom:agony_plunge
[31Jul2026 18:03:27.772] [main/INFO] [epicfight/]: Data keys [wom:active, wom:saved_charge, wom:timer_refresh, wom:charging_time, wom:movespeed, wom:timer, wom:holding_rmb, wom:charged, wom:charged_attack, wom:charging] for wom:torment_passive
[31Jul2026 18:03:27.772] [main/INFO] [epicfight/]: Data keys [wom:active, wom:timer_refresh, wom:timer] for wom:true_berserk
[31Jul2026 18:03:27.772] [main/INFO] [epicfight/]: Data keys [wom:stack] for wom:herrscher_passive
[31Jul2026 18:03:27.772] [main/INFO] [epicfight/]: Data keys [wom:verso, wom:timer_refresh, wom:timer, wom:buffing, wom:strenght, wom:redemptioon, wom:buffed, wom:expiation] for wom:plunder_perdition
[31Jul2026 18:03:27.772] [main/INFO] [epicfight/]: Data keys [wom:sheath] for wom:satsujin_passive
[31Jul2026 18:03:27.772] [main/INFO] [epicfight/]: Data keys [wom:second_draw, wom:holding_stance, wom:attacks, wom:holding_rmb, wom:cooldown, wom:active, wom:frequency, wom:saved_charge, wom:timedslash, wom:timer_refresh, wom:timer, wom:damage, wom:stack, wom:charge, wom:charging] for wom:sakura_state
[31Jul2026 18:03:27.772] [main/INFO] [epicfight/]: Data keys [wom:combo, wom:nofalldamage, wom:reload_cooldown, wom:holding_rmb, wom:cooldown, wom:zoom, wom:shoot, wom:using_item, wom:zoom_cooldown] for wom:ender_blast
[31Jul2026 18:03:27.772] [main/INFO] [epicfight/]: Data keys [wom:side, wom:combo, wom:nofalldamage, wom:reload_cooldown, wom:holding_rmb, wom:cooldown, wom:zoom, wom:shoot, wom:using_item, wom:zoom_cooldown] for wom:ender_fusion
[31Jul2026 18:03:27.772] [main/INFO] [epicfight/]: Data keys [wom:holding_stance, wom:gesetz_sprengkopf, wom:combo, wom:charging_time, wom:parrying, wom:holding_rmb, wom:guard_point_result, wom:charged, wom:guard_point, wom:cooldown] for wom:regierung
[31Jul2026 18:03:27.773] [main/INFO] [epicfight/]: Data keys [wom:timer_refresh, wom:timer, wom:echo, wom:crescent, wom:lunar_eclipse_stack] for wom:lunar_eclipse
[31Jul2026 18:03:27.773] [main/INFO] [epicfight/]: Data keys [wom:verso, wom:idle] for wom:lunar_echo_passive
[31Jul2026 18:03:27.773] [main/INFO] [epicfight/]: Data keys [wom:witheraftereffect, wom:holding_rmb, wom:darkness_target, wom:witherccatharsis, wom:active, wom:darkness_target_vec, wom:darkness_target_hited, wom:darkness_portal_timer, wom:timer_refresh, wom:darkness_portal_angle, wom:timer, wom:blackhole_vec, wom:ascending, wom:blackhole_active, wom:serius_focus, wom:darkness_activate_portal, wom:shoot_cooldown, wom:blackhole_timer, wom:darkness_target_reaped, wom:zoom, wom:blackhole, wom:serius_focus_cooldown, wom:shoot, wom:darkness_portal_vec, wom:zoom_cooldown] for wom:demonic_ascension
[31Jul2026 18:03:27.773] [main/INFO] [epicfight/]: Data keys [wom:catharsis, wom:particle, wom:lapse, wom:idle, wom:withercurse, wom:blink, wom:basic_attack] for wom:demon_mark_passive
[31Jul2026 18:03:27.773] [main/INFO] [epicfight/]: Data keys [wom:cycle, wom:heat_level, wom:solar_crematorio, wom:holding_rmb, wom:solar_infernio, wom:solar_obscuridad, wom:heating_speed, wom:solar_obscuridad_ta_timer, wom:timer_refresh, wom:timer, wom:particle, wom:timed_attack, wom:charge, wom:charging, wom:stored_heat_level] for wom:solar_arcano
[31Jul2026 18:03:27.773] [main/INFO] [epicfight/]: Data keys [wom:cycle, wom:heat_level, wom:solar_crematorio, wom:solar_infernio, wom:solar_obscuridad, wom:heating_speed, wom:solar_obscuridad_ta_timer, wom:timer_refresh, wom:timer, wom:particle, wom:timed_attack, wom:charge, wom:charging, wom:stored_heat_level] for wom:solar_passive
[31Jul2026 18:03:27.774] [main/INFO] [epicfight/]: Data keys [wom:serius_focus, wom:serius_focus_cooldown] for wom:rechargement
[31Jul2026 18:03:27.774] [main/INFO] [epicfight/]: Data keys [wom:active, wom:shell_delay, wom:cycle, wom:shell_number, wom:bullet_loaded_old, wom:charged, wom:charge, wom:super_reload, wom:bullet_overloaded, wom:shell_anim, wom:bullet_loaded] for wom:napoleon_passive
[31Jul2026 18:03:27.774] [main/INFO] [epicfight/]: Data keys [invincible:dodge_success_timer, invincible:right, invincible:cooldown, invincible:up, invincible:down, invincible:left, invincible:parry_timer] for wolm:toxicus_obliteration_sword
[31Jul2026 18:03:27.774] [main/INFO] [epicfight/]: Data keys [invincible:dodge_success_timer, invincible:right, invincible:cooldown, invincible:up, invincible:down, invincible:left, invincible:parry_timer] for wolm:toxicus_obliteration_swordshield
[31Jul2026 18:03:27.774] [main/INFO] [epicfight/]: Data keys [efn:scythe_blood_power, efn:scythe_sheath] for efn:scythe_skill
[31Jul2026 18:03:27.774] [main/INFO] [epicfight/]: Data keys [efn:thornwheel_loop_available, efn:press_innate, efn:thornwheel_loop] for efn:thornwheel
[31Jul2026 18:03:27.774] [main/INFO] [epicfight/]: Data keys [efn:jump_key_pressed_last_tick, efn:murasama_forward_dodge, efn:jump_count] for efn:murasama_dodge
[31Jul2026 18:03:27.775] [main/INFO] [epicfight/]: Data keys [efn:current_puncture_chance, efn:puncture_increment, efn:base_puncture_chance, efn:max_puncture_chance] for efn:parry_master
[31Jul2026 18:03:27.775] [main/INFO] [epicfight/]: Data keys [efn:buff_end_tick, efn:buff_active, efn:defense_start_tick] for efn:precise_parry
[31Jul2026 18:03:27.775] [main/INFO] [epicfight/]: Data keys [efn:cooldown_2, efn:cooldown_1, efn:cooldown] for efn:judgementcutend
[31Jul2026 18:03:27.775] [main/INFO] [epicfight/]: Data keys [efn:cooldown_2, efn:cooldown_1, efn:cooldown] for efn:stomp
[31Jul2026 18:03:27.775] [main/INFO] [epicfight/]: Data keys [efn:murasama_zansetsu_timer, efn:murasama_zansetsu_slash_release, efn:murasama_zansetsu_end_time, efn:arts_key, efn:arts_key_pressed, efn:murasama_input_mode_switch_pressed, efn:murasama_zandatsu_start_time, efn:murasama_zansetsu_sector, efn:murasama_zansetsu_attack_counter, efn:murasama_pair_flag, efn:murasama_last_triggered_sector, efn:murasama_key_right_down, efn:murasama_zansetsu_start_time, efn:murasama_zandatsu_available, efn:murasama_zandatsu_end_time, efn:murasama_zansetsu_input_mode, efn:murasama_zansetsu_active, efn:murasama_left_mouse_pressed, efn:murasama_key_left_down, efn:murasama_opposite_triggered] for efn:zansetsu
[31Jul2026 18:03:27.775] [main/INFO] [epicfight/]: Data keys [efn:cooldown_2, efn:cooldown_1, efn:cooldown] for efn:execution
[31Jul2026 18:03:27.775] [main/INFO] [epicfight/]: Data keys [epicfight:penalty_restore_counter, efn:efn_last_guard_start_tick, efn:efn_first_shake, efn:efn_last_parry_time, efn:efn_shake_penalty_count, epicfight:penalty, efn:efn_parry_motion_counter, efn:efn_starting_parry, efn:efn_delay_protection_end, efn:efn_shake_detected, efn:efn_last_successful_defense_tick, efn:efn_last_active] for efn:efn_parry
[31Jul2026 18:03:27.776] [main/INFO] [epicfight/]: Data keys [epicfight:penalty_restore_counter, efn:efn_last_guard_start_tick, efn:efn_first_shake, efn:efn_last_parry_time, efn:efn_shake_penalty_count, epicfight:penalty, efn:efn_parry_motion_counter, efn:efn_starting_parry, efn:efn_delay_protection_end, efn:efn_shake_detected, efn:efn_last_successful_defense_tick, efn:efn_last_active] for efn:murasama_parry
[31Jul2026 18:03:27.776] [main/INFO] [epicfight/]: Data keys [efn:cooldown_2, efn:arts_input_buffer, efn:cooldown_1, efn:sekiro_art_index, efn:cooldown, efn:arts_key, efn:arts_key_pressed] for efn:mortal_blade
[31Jul2026 18:03:27.776] [main/INFO] [epicfight/]: Data keys [efn:pressing_key2, efn:arts_key_pressed, efn:full_charge_message, efn:pressing_key1, efn:pressing_innate, efn:charge_message, efn:press_summon_sword, efn:is_charging, invincible:parry_timer, efn:cooldown_1, efn:press_innate, efn:doppelganger_tick, efn:cooldown, invincible:up, efn:have_doppelganger, efn:demon_key, efn:cooldown_2, efn:pressing_key4, efn:force_release, invincible:right, efn:press_key2, efn:down_key, efn:press_key3, efn:doppelganger_delay, efn:doppelganger_style, efn:charge_ticks, efn:key4_press_timer, efn:was_long_pressed, efn:energy_check, efn:key1_press_timer, efn:guard_key, invincible:dodge_success_timer, efn:press_key4, efn:angel_key, efn:charge_stage, efn:pressing_key3, efn:key3_press_timer, efn:arts_key, efn:key2_press_timer, invincible:cooldown, efn:innate_press_timer, invincible:down, invincible:left, efn:combo_counter, efn:sneak_key, efn:press_key1, efn:jump_key, efn:press_doppelganger, efn:charge_power, efn:is_pressing, efn:sprint_key, efn:up_key] for efn:yamato
[31Jul2026 18:03:27.776] [main/INFO] [epicfight/]: Data keys [efn:have_doppelganger, efn:parry_cooldown, efn:doppelganger_style, efn:stun_cooldown, efn:doppelganger_tick, efn:doppelganger_delay] for efn:yamato_passive
[31Jul2026 18:03:27.776] [main/INFO] [epicfight/]: Data keys [efn:pressing_key2, efn:arts_key_pressed, efn:full_charge_message, efn:pressing_key1, efn:pressing_innate, efn:damage_history, efn:charge_message, efn:press_summon_sword, efn:is_charging, invincible:parry_timer, efn:cooldown_1, efn:press_innate, efn:cooldown, invincible:up, efn:demon_key, efn:cooldown_2, efn:pressing_key4, efn:force_release, invincible:right, efn:press_key2, efn:down_key, efn:press_key3, efn:charge_ticks, efn:key4_press_timer, efn:was_long_pressed, efn:energy_check, efn:key1_press_timer, efn:guard_key, efn:is_replay_damage, invincible:dodge_success_timer, efn:press_key4, efn:angel_key, efn:charge_stage, efn:pressing_key3, efn:replay_enhanced, efn:key3_press_timer, efn:arts_key, efn:key2_press_timer, invincible:cooldown, efn:innate_press_timer, invincible:down, invincible:left, efn:combo_counter, efn:sneak_key, efn:press_key1, efn:jump_key, efn:charge_power, efn:is_pressing, efn:sprint_key, efn:up_key] for efn:shortsword
[31Jul2026 18:03:27.776] [main/INFO] [epicfight/]: Data keys [efn:pressing_key2, efn:charge_ticks, efn:arts_key_pressed, efn:full_charge_message, efn:key4_press_timer, efn:was_long_pressed, efn:energy_check, efn:pressing_key1, efn:pressing_innate, efn:key1_press_timer, efn:guard_key, invincible:dodge_success_timer, efn:charge_message, efn:press_key4, efn:angel_key, efn:charge_stage, efn:press_summon_sword, efn:pressing_key3, efn:is_charging, invincible:parry_timer, efn:key3_press_timer, efn:cooldown_1, efn:press_innate, efn:cooldown, efn:arts_key, efn:key2_press_timer, invincible:cooldown, efn:innate_press_timer, invincible:up, invincible:down, invincible:left, efn:combo_counter, efn:sneak_key, efn:demon_key, efn:cooldown_2, efn:pressing_key4, efn:force_release, invincible:right, efn:press_key2, efn:down_key, efn:press_key1, efn:jump_key, efn:charge_power, efn:press_key3, efn:is_pressing, efn:sprint_key, efn:up_key] for efn:ruinsgreatsword
[31Jul2026 18:03:27.777] [main/INFO] [epicfight/]: Data keys [efn:pressing_key2, efn:charge_ticks, efn:arts_key_pressed, efn:full_charge_message, efn:key4_press_timer, efn:was_long_pressed, efn:energy_check, efn:pressing_key1, efn:pressing_innate, efn:key1_press_timer, efn:guard_key, invincible:dodge_success_timer, efn:charge_message, efn:press_key4, efn:angel_key, efn:charge_stage, efn:press_summon_sword, efn:pressing_key3, efn:is_charging, invincible:parry_timer, efn:key3_press_timer, efn:cooldown_1, efn:press_innate, efn:cooldown, efn:arts_key, efn:key2_press_timer, invincible:cooldown, efn:innate_press_timer, invincible:up, invincible:down, invincible:left, efn:combo_counter, efn:sneak_key, efn:demon_key, efn:cooldown_2, efn:pressing_key4, efn:force_release, invincible:right, efn:press_key2, efn:down_key, efn:press_key1, efn:jump_key, efn:charge_power, efn:press_key3, efn:is_pressing, efn:sprint_key, efn:up_key] for efn:pioneer
[31Jul2026 18:03:27.777] [main/INFO] [epicfight/]: Data keys [efn:pressing_key2, efn:arts_key_pressed, efn:murasama_air_borne, efn:murasama_input_mode_switch_pressed, efn:full_charge_message, efn:pressing_key1, efn:pressing_innate, efn:murasama_zansetsu_attack_counter, efn:murasama_last_triggered_sector, efn:charge_message, efn:murasama_zansetsu_input_mode, efn:murasama_zansetsu_active, efn:press_summon_sword, efn:is_charging, invincible:parry_timer, efn:cooldown_1, efn:press_innate, efn:murasama_zansetsu_slash_release, efn:murasama_zansetsu_end_time, efn:cooldown, invincible:up, efn:demon_key, efn:cooldown_2, efn:pressing_key4, efn:murasama_key_right_down, efn:murasama_zansetsu_start_time, efn:force_release, efn:murasama_sheath, invincible:right, efn:murasama_zandatsu_end_time, efn:press_key2, efn:down_key, efn:murasama_key_left_down, efn:press_key3, efn:murasama_zansetsu_timer, efn:charge_ticks, efn:murasama_sheath_timer, efn:murasama_zandatsu_start_time, efn:key4_press_timer, efn:was_long_pressed, efn:murasama_zansetsu_sector, efn:energy_check, efn:key1_press_timer, efn:guard_key, invincible:dodge_success_timer, efn:press_key4, efn:angel_key, efn:charge_stage, efn:pressing_key3, efn:key3_press_timer, efn:manual_unsheath, efn:murasama_forward_dodge, efn:arts_key, efn:key2_press_timer, invincible:cooldown, efn:innate_press_timer, invincible:down, invincible:left, efn:combo_counter, efn:sneak_key, efn:murasama_pair_flag, efn:murasama_zandatsu_available, efn:murasama_left_mouse_pressed, efn:press_key1, efn:murasama_opposite_triggered, efn:jump_key, efn:charge_power, efn:is_pressing, efn:sprint_key, efn:up_key, efn:sprint_sheath_timer] for efn:murasama
[31Jul2026 18:03:27.777] [main/INFO] [epicfight/]: Data keys [efn:murasama_zansetsu_timer, efn:up_key_pressed_last_tick, efn:is_double_tap_sprint, efn:forward_backward_success, efn:murasama_sheath_timer, efn:forward_backward_remaining_ticks, efn:double_tap_timer, efn:forward_backward_window_active, efn:murasama_input_mode_switch_pressed, efn:murasama_zandatsu_start_time, efn:murasama_zansetsu_sector, efn:murasama_zansetsu_attack_counter, efn:murasama_last_triggered_sector, efn:murasama_zansetsu_input_mode, efn:murasama_zansetsu_active, efn:backward_pressed_last_tick, efn:jump_count, efn:forward_backward_timer, efn:manual_unsheath, efn:murasama_zansetsu_slash_release, efn:murasama_zansetsu_end_time, efn:murasama_forward_dodge, efn:murasama_pair_flag, efn:murasama_key_right_down, efn:murasama_zansetsu_start_time, efn:jump_key_pressed_last_tick, efn:murasama_zandatsu_available, efn:was_double_tap_sprint, efn:murasama_sheath, efn:murasama_zandatsu_end_time, efn:murasama_left_mouse_pressed, efn:murasama_key_left_down, efn:murasama_opposite_triggered, efn:forward_backward_end_tick, efn:sprint_sheath_timer, efn:forward_pressed_last_tick] for efn:murasama_passive
[31Jul2026 18:03:27.777] [main/INFO] [epicfight/]: Data keys [efn:pressing_key2, efn:charge_ticks, efn:arts_key_pressed, efn:full_charge_message, efn:key4_press_timer, efn:was_long_pressed, efn:energy_check, efn:pressing_key1, efn:pressing_innate, efn:key1_press_timer, efn:guard_key, invincible:dodge_success_timer, efn:charge_message, efn:press_key4, efn:angel_key, efn:charge_stage, efn:press_summon_sword, efn:pressing_key3, efn:is_charging, invincible:parry_timer, efn:key3_press_timer, efn:cooldown_1, efn:press_innate, efn:cooldown, efn:arts_key, efn:key2_press_timer, invincible:cooldown, efn:innate_press_timer, invincible:up, invincible:down, invincible:left, efn:combo_counter, efn:sneak_key, efn:demon_key, efn:cooldown_2, efn:pressing_key4, efn:force_release, invincible:right, efn:press_key2, efn:down_key, efn:press_key1, efn:jump_key, efn:charge_power, efn:press_key3, efn:is_pressing, efn:sprint_key, efn:up_key] for efn:meenlance
[31Jul2026 18:03:27.777] [main/INFO] [epicfight/]: Data keys [efn:pressing_key2, efn:charge_ticks, efn:arts_key_pressed, efn:full_charge_message, efn:key4_press_timer, efn:was_long_pressed, efn:energy_check, efn:pressing_key1, efn:pressing_innate, efn:key1_press_timer, efn:guard_key, invincible:dodge_success_timer, efn:charge_message, efn:press_key4, efn:angel_key, efn:charge_stage, efn:press_summon_sword, efn:pressing_key3, efn:is_charging, invincible:parry_timer, efn:key3_press_timer, efn:cooldown_1, efn:press_innate, efn:cooldown, efn:arts_key, efn:key2_press_timer, invincible:cooldown, efn:innate_press_timer, invincible:up, invincible:down, invincible:left, efn:combo_counter, efn:sneak_key, efn:demon_key, efn:cooldown_2, efn:pressing_key4, efn:force_release, invincible:right, efn:press_key2, efn:down_key, efn:press_key1, efn:jump_key, efn:charge_power, efn:press_key3, efn:is_pressing, efn:sprint_key, efn:up_key] for efn:kusabimaru
[31Jul2026 18:03:27.778] [main/INFO] [epicfight/]: Data keys [efn:pressing_key2, efn:arts_key_pressed, efn:murasama_air_borne, efn:murasama_input_mode_switch_pressed, efn:full_charge_message, efn:pressing_key1, efn:pressing_innate, efn:murasama_zansetsu_attack_counter, efn:murasama_last_triggered_sector, efn:charge_message, efn:murasama_zansetsu_input_mode, efn:murasama_zansetsu_active, efn:press_summon_sword, efn:is_charging, invincible:parry_timer, efn:cooldown_1, efn:press_innate, efn:murasama_zansetsu_slash_release, efn:murasama_zansetsu_end_time, efn:cooldown, invincible:up, efn:demon_key, efn:cooldown_2, efn:pressing_key4, efn:murasama_key_right_down, efn:murasama_zansetsu_start_time, efn:force_release, efn:murasama_sheath, invincible:right, efn:murasama_zandatsu_end_time, efn:press_key2, efn:down_key, efn:murasama_key_left_down, efn:press_key3, efn:murasama_zansetsu_timer, efn:charge_ticks, efn:murasama_sheath_timer, efn:murasama_zandatsu_start_time, efn:key4_press_timer, efn:was_long_pressed, efn:murasama_zansetsu_sector, efn:energy_check, efn:key1_press_timer, efn:guard_key, invincible:dodge_success_timer, efn:press_key4, efn:angel_key, efn:charge_stage, efn:pressing_key3, efn:key3_press_timer, efn:manual_unsheath, efn:murasama_forward_dodge, efn:arts_key, efn:key2_press_timer, invincible:cooldown, efn:innate_press_timer, invincible:down, invincible:left, efn:combo_counter, efn:sneak_key, efn:murasama_pair_flag, efn:murasama_zandatsu_available, efn:murasama_left_mouse_pressed, efn:press_key1, efn:murasama_opposite_triggered, efn:jump_key, efn:charge_power, efn:is_pressing, efn:sprint_key, efn:up_key, efn:sprint_sheath_timer] for efn:hf_blade
[31Jul2026 18:03:27.778] [main/INFO] [epicfight/]: Data keys [efn:murasama_zansetsu_timer, efn:up_key_pressed_last_tick, efn:is_double_tap_sprint, efn:forward_backward_success, efn:murasama_sheath_timer, efn:forward_backward_remaining_ticks, efn:double_tap_timer, efn:forward_backward_window_active, efn:murasama_input_mode_switch_pressed, efn:murasama_zandatsu_start_time, efn:murasama_zansetsu_sector, efn:murasama_zansetsu_attack_counter, efn:murasama_last_triggered_sector, efn:murasama_zansetsu_input_mode, efn:murasama_zansetsu_active, efn:backward_pressed_last_tick, efn:jump_count, efn:forward_backward_timer, efn:manual_unsheath, efn:murasama_zansetsu_slash_release, efn:murasama_zansetsu_end_time, efn:murasama_forward_dodge, efn:murasama_pair_flag, efn:murasama_key_right_down, efn:murasama_zansetsu_start_time, efn:jump_key_pressed_last_tick, efn:murasama_zandatsu_available, efn:was_double_tap_sprint, efn:murasama_sheath, efn:murasama_zandatsu_end_time, efn:murasama_left_mouse_pressed, efn:murasama_key_left_down, efn:murasama_opposite_triggered, efn:forward_backward_end_tick, efn:sprint_sheath_timer, efn:forward_pressed_last_tick] for efn:hf_blade_passive
[31Jul2026 18:03:27.778] [main/INFO] [epicfight/]: Data keys [efn:pressing_key2, efn:charge_ticks, efn:arts_key_pressed, efn:full_charge_message, efn:key4_press_timer, efn:was_long_pressed, efn:energy_check, efn:pressing_key1, efn:pressing_innate, efn:key1_press_timer, efn:guard_key, invincible:dodge_success_timer, efn:charge_message, efn:press_key4, efn:angel_key, efn:charge_stage, efn:press_summon_sword, efn:pressing_key3, efn:is_charging, invincible:parry_timer, efn:key3_press_timer, efn:cooldown_1, efn:press_innate, efn:cooldown, efn:arts_key, efn:key2_press_timer, invincible:cooldown, efn:innate_press_timer, invincible:up, invincible:down, invincible:left, efn:combo_counter, efn:sneak_key, efn:demon_key, efn:cooldown_2, efn:pressing_key4, efn:force_release, invincible:right, efn:press_key2, efn:down_key, efn:press_key1, efn:jump_key, efn:charge_power, efn:press_key3, efn:is_pressing, efn:sprint_key, efn:up_key] for efn:exsiliumgladius
[31Jul2026 18:03:27.778] [main/INFO] [epicfight/]: Data keys [invincible:dodge_success_timer, invincible:right, invincible:cooldown, invincible:up, invincible:down, invincible:left, invincible:parry_timer] for efn:examplecombo
[31Jul2026 18:03:27.778] [main/INFO] [epicfight/]: Data keys [efn:pressing_key2, efn:charge_ticks, efn:arts_key_pressed, efn:full_charge_message, efn:key4_press_timer, efn:was_long_pressed, efn:energy_check, efn:pressing_key1, efn:pressing_innate, efn:key1_press_timer, efn:guard_key, invincible:dodge_success_timer, efn:charge_message, efn:press_key4, efn:angel_key, efn:charge_stage, efn:press_summon_sword, efn:pressing_key3, efn:is_charging, invincible:parry_timer, efn:key3_press_timer, efn:cooldown_1, efn:press_innate, efn:cooldown, efn:arts_key, efn:key2_press_timer, invincible:cooldown, efn:innate_press_timer, invincible:up, invincible:down, invincible:left, efn:combo_counter, efn:sneak_key, efn:demon_key, efn:cooldown_2, efn:pressing_key4, efn:force_release, invincible:right, efn:press_key2, efn:down_key, efn:press_key1, efn:jump_key, efn:charge_power, efn:press_key3, efn:is_pressing, efn:sprint_key, efn:up_key] for efn:crescentmoon
[31Jul2026 18:03:27.779] [main/INFO] [epicfight/]: Data keys [efn:pressing_key2, efn:charge_ticks, efn:arts_key_pressed, efn:full_charge_message, efn:key4_press_timer, efn:was_long_pressed, efn:energy_check, efn:pressing_key1, efn:pressing_innate, efn:key1_press_timer, efn:guard_key, invincible:dodge_success_timer, efn:charge_message, efn:press_key4, efn:angel_key, efn:charge_stage, efn:press_summon_sword, efn:pressing_key3, efn:is_charging, invincible:parry_timer, efn:key3_press_timer, efn:cooldown_1, efn:press_innate, efn:cooldown, efn:arts_key, efn:key2_press_timer, invincible:cooldown, efn:innate_press_timer, invincible:up, invincible:down, invincible:left, efn:combo_counter, efn:sneak_key, efn:demon_key, efn:cooldown_2, efn:pressing_key4, efn:force_release, invincible:right, efn:press_key2, efn:down_key, efn:press_key1, efn:jump_key, efn:charge_power, efn:press_key3, efn:is_pressing, efn:sprint_key, efn:up_key] for efn:broadblade
[31Jul2026 18:03:27.779] [main/INFO] [epicfight/]: Data keys [efn:pressing_key2, efn:charge_ticks, efn:arts_key_pressed, efn:full_charge_message, efn:key4_press_timer, efn:was_long_pressed, efn:energy_check, efn:pressing_key1, efn:pressing_innate, efn:key1_press_timer, efn:guard_key, invincible:dodge_success_timer, efn:charge_message, efn:press_key4, efn:angel_key, efn:charge_stage, efn:press_summon_sword, efn:pressing_key3, efn:is_charging, invincible:parry_timer, efn:key3_press_timer, efn:cooldown_1, efn:press_innate, efn:cooldown, efn:arts_key, efn:key2_press_timer, invincible:cooldown, efn:innate_press_timer, invincible:up, invincible:down, invincible:left, efn:combo_counter, efn:sneak_key, efn:demon_key, efn:cooldown_2, efn:pressing_key4, efn:force_release, invincible:right, efn:press_key2, efn:down_key, efn:press_key1, efn:jump_key, efn:charge_power, efn:press_key3, efn:is_pressing, efn:sprint_key, efn:up_key] for efn:bloodlust
[31Jul2026 18:03:27.779] [main/INFO] [epicfight/]: Data keys [efn:pressing_key2, efn:charge_ticks, efn:arts_key_pressed, efn:full_charge_message, efn:key4_press_timer, efn:was_long_pressed, efn:energy_check, efn:pressing_key1, efn:pressing_innate, efn:key1_press_timer, efn:guard_key, invincible:dodge_success_timer, efn:charge_message, efn:press_key4, efn:angel_key, efn:charge_stage, efn:press_summon_sword, efn:pressing_key3, efn:is_charging, invincible:parry_timer, efn:key3_press_timer, efn:cooldown_1, efn:press_innate, efn:cooldown, efn:arts_key, efn:key2_press_timer, invincible:cooldown, efn:innate_press_timer, invincible:up, invincible:down, invincible:left, efn:combo_counter, efn:sneak_key, efn:demon_key, efn:cooldown_2, efn:pressing_key4, efn:force_release, invincible:right, efn:press_key2, efn:down_key, efn:press_key1, efn:jump_key, efn:charge_power, efn:press_key3, efn:is_pressing, efn:sprint_key, efn:up_key] for efn:beastclaw
[31Jul2026 18:03:27.779] [main/INFO] [epicfight/]: Data keys [efn:pressing_key2, efn:charge_ticks, efn:arts_key_pressed, efn:full_charge_message, efn:key4_press_timer, efn:was_long_pressed, efn:energy_check, efn:pressing_key1, efn:pressing_innate, efn:key1_press_timer, efn:guard_key, invincible:dodge_success_timer, efn:charge_message, efn:press_key4, efn:angel_key, efn:charge_stage, efn:press_summon_sword, efn:pressing_key3, efn:is_charging, invincible:parry_timer, efn:key3_press_timer, efn:cooldown_1, efn:press_innate, efn:cooldown, efn:arts_key, efn:key2_press_timer, invincible:cooldown, efn:innate_press_timer, invincible:up, invincible:down, invincible:left, efn:combo_counter, efn:sneak_key, efn:demon_key, efn:cooldown_2, efn:pressing_key4, efn:force_release, invincible:right, efn:press_key2, efn:down_key, efn:press_key1, efn:jump_key, efn:charge_power, efn:press_key3, efn:is_pressing, efn:sprint_key, efn:up_key] for efn:aetherialdusk
[31Jul2026 18:03:28.101] [main/INFO] [com.mojang.authlib.yggdrasil.YggdrasilAuthenticationService/]: Environment: authHost='https://authserver.mojang.com', accountsHost='https://api.mojang.com', sessionHost='https://sessionserver.mojang.com', servicesHost='https://api.minecraftservices.com', name='PROD'
[31Jul2026 18:03:28.105] [Forge Version Check/INFO] [net.minecraftforge.fml.VersionChecker/]: [lost_aether_content] Found status: UP_TO_DATE Current: 1.2.3 Target: null
[31Jul2026 18:03:28.107] [Forge Version Check/INFO] [net.minecraftforge.fml.VersionChecker/]: [ctov] Starting version check at https://api.modrinth.com/updates/fgmhI8kH/forge_updates.json
[31Jul2026 18:03:28.455] [Forge Version Check/INFO] [net.minecraftforge.fml.VersionChecker/]: [ctov] Found status: UP_TO_DATE Current: 3.4.14 Target: null
[31Jul2026 18:03:28.455] [Forge Version Check/INFO] [net.minecraftforge.fml.VersionChecker/]: [structure_gel] Starting version check at http://changelogs.moddinglegacy.com/structure-gel.json
[31Jul2026 18:03:28.604] [main/INFO] [epicfight/]: Data keys [invincible:dodge_success_timer, invincible:right, invincible:cooldown, invincible:up, invincible:down, invincible:left, invincible:parry_timer] for invincible:combo_demo
[31Jul2026 18:03:28.605] [main/INFO] [epicfight/]: Data keys [epicfight:combo_counter, epicfight:basic_attack_active] for epicfight:basic_attack
[31Jul2026 18:03:28.605] [main/INFO] [epicfight/]: Data keys [epicfight:penalty_restore_counter, epicfight:penalty] for epicfight:guard
[31Jul2026 18:03:28.605] [main/INFO] [epicfight/]: Data keys [epicfight:parry_motion_counter, epicfight:penalty_restore_counter, epicfight:last_active, epicfight:penalty] for epicfight:parrying
[31Jul2026 18:03:28.605] [main/INFO] [epicfight/]: Data keys [epicfight:penalty_restore_counter, epicfight:penalty] for epicfight:impact_guard
[31Jul2026 18:03:28.605] [main/INFO] [epicfight/]: Data keys [epicfight:resisting_damage_type, epicfight:stacks, epicfight:tick_record] for epicfight:adaptive_skin
[31Jul2026 18:03:28.605] [main/INFO] [epicfight/]: Data keys [epicfight:tick_record] for epicfight:adrenaline_fiend
[31Jul2026 18:03:28.605] [main/INFO] [epicfight/]: Data keys [epicfight:entity_id, epicfight:stacks] for epicfight:bonebreaker
[31Jul2026 18:03:28.605] [main/INFO] [epicfight/]: Data keys [epicfight:entity_id, epicfight:tick_record] for epicfight:vengeance
[31Jul2026 18:03:28.605] [main/INFO] [epicfight/]: Data keys [epicfight:fall_distance, epicfight:slam_protect_next_fall] for epicfight:meteor_slam
[31Jul2026 18:03:28.606] [main/INFO] [epicfight/]: Data keys [epicfight:stacks] for epicfight:revelation
[31Jul2026 18:03:28.606] [main/INFO] [epicfight/]: Data keys [epicfight:slam_protect_next_fall] for epicfight:demolition_leap
[31Jul2026 18:03:28.606] [main/INFO] [epicfight/]: Data keys [epicfight:jump_key_pressed_last_tick, epicfight:jump_count, epicfight:slam_protect_next_fall] for epicfight:phantom_ascent
[31Jul2026 18:03:28.606] [main/INFO] [epicfight/]: Data keys [epicfight:last_hit_count] for epicfight:grasping_spire
[31Jul2026 18:03:28.606] [main/INFO] [epicfight/]: Data keys [epicfight:sheath] for epicfight:battojutsu_passive
[31Jul2026 18:03:28.606] [main/INFO] [epicfight/]: Data keys [epicfight:sheath] for epicfight:battojutsu
[31Jul2026 18:03:28.606] [main/INFO] [epicfight/]: Data keys [epicfight:combo_counter] for epicfight:blade_rush
[31Jul2026 18:03:28.606] [main/INFO] [epicfight/]: Data keys [epicfight:thrown_trident_entity_id] for epicfight:everlasting_allegiance
[31Jul2026 18:03:28.606] [main/INFO] [epicfight/]: Data keys [sword_soaring:cooldown_timer, sword_soaring:sword_entity_id] for sword_soaring:kill_aura_1
[31Jul2026 18:03:28.606] [main/INFO] [epicfight/]: Data keys [sword_soaring:cooldown_timer, sword_soaring:sword_entity_id] for sword_soaring:kill_aura_2
[31Jul2026 18:03:28.606] [main/INFO] [epicfight/]: Data keys [sword_soaring:cooldown_timer, sword_soaring:sword_entity_id, sword_soaring:protect_count] for sword_soaring:screen_sword
[31Jul2026 18:03:28.607] [main/INFO] [epicfight/]: Data keys [sword_soaring:cooldown_timer, sword_soaring:play_big_dipper, sword_soaring:delay_timer] for sword_soaring:rain_sword
[31Jul2026 18:03:28.607] [main/INFO] [epicfight/]: Data keys [sword_soaring:cooldown_timer, sword_soaring:camera_timer] for sword_soaring:babylon
[31Jul2026 18:03:28.607] [main/INFO] [epicfight/]: Data keys [sword_soaring:is_charging, sword_soaring:cooldown_timer, sword_soaring:is_pressing] for sword_soaring:wan_jian_gui_zong
[31Jul2026 18:03:28.607] [main/INFO] [epicfight/]: Data keys [sword_soaring:cooldown_timer, sword_soaring:flying, sword_soaring:accelerating] for sword_soaring:sword_soaring_apprentice
[31Jul2026 18:03:28.607] [main/INFO] [epicfight/]: Data keys [sword_soaring:cooldown_timer, sword_soaring:flying, sword_soaring:accelerating] for sword_soaring:sword_soaring_expert
[31Jul2026 18:03:28.607] [main/INFO] [epicfight/]: Data keys [sword_soaring:cooldown_timer, sword_soaring:flying, sword_soaring:accelerating] for sword_soaring:sword_soaring_master
[31Jul2026 18:03:28.607] [main/INFO] [epicfight/]: Data keys [sword_soaring:cooldown_timer, sword_soaring:flying, sword_soaring:accelerating] for sword_soaring:sword_soaring_elytra_apprentice
[31Jul2026 18:03:28.607] [main/INFO] [epicfight/]: Data keys [sword_soaring:cooldown_timer, sword_soaring:flying, sword_soaring:accelerating] for sword_soaring:sword_soaring_elytra_expert
[31Jul2026 18:03:28.607] [main/INFO] [epicfight/]: Data keys [sword_soaring:cooldown_timer, sword_soaring:flying, sword_soaring:accelerating] for sword_soaring:sword_soaring_elytra_master
[31Jul2026 18:03:28.608] [main/INFO] [epicfight/]: Data keys [invincible:dodge_success_timer, invincible:right, invincible:cooldown, invincible:up, invincible:down, invincible:left, invincible:parry_timer] for sword_soaring:vatansever_innate
[31Jul2026 18:03:28.608] [main/INFO] [epicfight/]: Data keys [sword_soaring:artifact_spirit_entity_id, sword_soaring:sword_count] for sword_soaring:vatansever_passive
[31Jul2026 18:03:28.608] [main/INFO] [epicfight/]: Data keys [refm:combo_counter, refm:last_hit_count] for refm:deadlybackflip
[31Jul2026 18:03:28.608] [main/INFO] [epicfight/]: Data keys [refm:combo_counter, refm:last_hit_count] for refm:deadlybackflip_ender
[31Jul2026 18:03:28.608] [main/INFO] [epicfight/]: Data keys [refm:combo_counter, refm:last_hit_count] for refm:deadlybackflip_ocean
[31Jul2026 18:03:28.608] [main/INFO] [epicfight/]: Data keys [refm:combo_counter, refm:last_hit_count] for refm:deadlybackflip_wither
[31Jul2026 18:03:28.608] [main/INFO] [epicfight/]: Data keys [refm:combo_counter, refm:last_hit_count] for refm:deadlybackflip_amethyst
[31Jul2026 18:03:28.609] [main/INFO] [epicfight/]: Data keys [wom:target_id] for wom:ender_obscuris
[31Jul2026 18:03:28.609] [main/INFO] [epicfight/]: Data keys [wom:timer_refresh, wom:timer, wom:dodge] for wom:dodge_master
[31Jul2026 18:03:28.609] [main/INFO] [epicfight/]: Data keys [wom:active, wom:timer_refresh, wom:timer, wom:registered_health, wom:cooldown, wom:dodge, wom:registered_position] for wom:time_travel
[31Jul2026 18:03:28.609] [main/INFO] [epicfight/]: Data keys [wom:cooldown] for wom:punishment_kick
[31Jul2026 18:03:28.609] [main/INFO] [epicfight/]: Data keys [epicfight:penalty_restore_counter, wom:parrying, wom:holding_rmb, epicfight:penalty, wom:last_active, wom:consumprion_value] for wom:counter_attack
[31Jul2026 18:03:28.609] [main/INFO] [epicfight/]: Data keys [wom:holding_stance, epicfight:penalty_restore_counter, wom:timer_refresh, wom:timer, wom:vengence_duration, epicfight:penalty, wom:charge, wom:cooldown, wom:consumprion_value] for wom:vengeful_parry
[31Jul2026 18:03:28.609] [main/INFO] [epicfight/]: Data keys [epicfight:penalty_restore_counter, wom:parrying, wom:holding_rmb, epicfight:penalty, wom:charge, wom:cooldown] for wom:perfect_bulwark
[31Jul2026 18:03:28.609] [main/INFO] [epicfight/]: Data keys [wom:cycle, wom:charge] for wom:soul_protection
[31Jul2026 18:03:28.609] [main/INFO] [epicfight/]: Data keys [wom:cycle, wom:charge] for wom:shulker_cloak
[31Jul2026 18:03:28.610] [main/INFO] [epicfight/]: Data keys [wom:active, epicfight:penalty_restore_counter, wom:timer, wom:holding_rmb, epicfight:penalty] for wom:buster_parade
[31Jul2026 18:03:28.610] [main/INFO] [epicfight/]: Data keys [wom:active, wom:timer_refresh, wom:timer, wom:duree] for wom:pain_anticipation
[31Jul2026 18:03:28.610] [main/INFO] [epicfight/]: Data keys [wom:active, wom:timer_refresh, wom:timer, wom:duree] for wom:latent_retribution
[31Jul2026 18:03:28.610] [main/INFO] [epicfight/]: Data keys [wom:rate, wom:power] for wom:critical_knowledge
[31Jul2026 18:03:28.610] [main/INFO] [epicfight/]: Data keys [wom:recovery_rate, wom:max_shield, wom:cooldown] for wom:heart_shield
[31Jul2026 18:03:28.610] [main/INFO] [epicfight/]: Data keys [wom:saved_elapsed_time, wom:step, wom:melody_index] for wom:dancing_blade
[31Jul2026 18:03:28.610] [main/INFO] [epicfight/]: Data keys [wom:active, wom:cycle, wom:timer_refresh, wom:timer, wom:duree, wom:stage] for wom:meditation
[31Jul2026 18:03:28.610] [main/INFO] [epicfight/]: Data keys [wom:cooldown] for wom:dopamine
[31Jul2026 18:03:28.611] [main/INFO] [epicfight/]: Data keys [wom:last_active] for wom:manipulator
[31Jul2026 18:03:28.611] [main/INFO] [epicfight/]: Data keys [wom:timer, wom:stack, wom:rate, wom:power] for wom:lethal_focus
[31Jul2026 18:03:28.611] [main/INFO] [epicfight/]: Data keys [wom:angle, wom:timer_refresh, wom:timer, wom:jump_key_up, wom:wall_running, wom:wall_glide] for wom:spider_techniques
[31Jul2026 18:03:28.611] [main/INFO] [epicfight/]: Data keys [wom:water_dashing, wom:mermaid_movement, wom:diving, wom:crawling, wom:jump_key_up, wom:cooldown, wom:consumprion_value] for wom:aqua_maneuvre
[31Jul2026 18:03:28.611] [main/INFO] [epicfight/]: Data keys [wom:active, wom:verso, wom:timer, wom:stage, wom:buffing, wom:consumprion_value, wom:wall_running, wom:wall_glide] for wom:natural_sprinter
[31Jul2026 18:03:28.611] [main/INFO] [epicfight/]: Data keys [wom:timer] for wom:lunatic_vivacity
[31Jul2026 18:03:28.611] [main/INFO] [epicfight/]: Data keys [wom:timer, wom:registered_health, wom:consumprion_value] for wom:voodoo_magic
[31Jul2026 18:03:28.611] [main/INFO] [epicfight/]: Data keys [wom:target_id, wom:target_distance] for wom:back_and_forth
[31Jul2026 18:03:28.611] [main/INFO] [epicfight/]: Data keys [wom:combo, wom:cooldown] for wom:shooting_style
[31Jul2026 18:03:28.611] [main/INFO] [epicfight/]: Data keys [wom:active, wom:timer] for wom:proximity_exploiter
[31Jul2026 18:03:28.612] [main/INFO] [epicfight/]: Data keys [wom:timer, wom:stack] for wom:all_eyes_on_you
[31Jul2026 18:03:28.612] [main/INFO] [epicfight/]: Data keys [wom:timer, wom:stack] for wom:all_eyes_on_me
[31Jul2026 18:03:28.612] [main/INFO] [epicfight/]: Data keys [wom:timer, wom:cooldown] for wom:avatar_of_might
[31Jul2026 18:03:28.612] [main/INFO] [epicfight/]: Data keys [wom:active, wom:stack, wom:attacks] for wom:agony_plunge
[31Jul2026 18:03:28.612] [main/INFO] [epicfight/]: Data keys [wom:active, wom:saved_charge, wom:timer_refresh, wom:charging_time, wom:movespeed, wom:timer, wom:holding_rmb, wom:charged, wom:charged_attack, wom:charging] for wom:torment_passive
[31Jul2026 18:03:28.612] [main/INFO] [epicfight/]: Data keys [wom:active, wom:timer_refresh, wom:timer] for wom:true_berserk
[31Jul2026 18:03:28.612] [main/INFO] [epicfight/]: Data keys [wom:stack] for wom:herrscher_passive
[31Jul2026 18:03:28.612] [main/INFO] [epicfight/]: Data keys [wom:verso, wom:timer_refresh, wom:timer, wom:buffing, wom:strenght, wom:redemptioon, wom:buffed, wom:expiation] for wom:plunder_perdition
[31Jul2026 18:03:28.612] [main/INFO] [epicfight/]: Data keys [wom:sheath] for wom:satsujin_passive
[31Jul2026 18:03:28.612] [main/INFO] [epicfight/]: Data keys [wom:second_draw, wom:holding_stance, wom:attacks, wom:holding_rmb, wom:cooldown, wom:active, wom:frequency, wom:saved_charge, wom:timedslash, wom:timer_refresh, wom:timer, wom:damage, wom:stack, wom:charge, wom:charging] for wom:sakura_state
[31Jul2026 18:03:28.612] [main/INFO] [epicfight/]: Data keys [wom:combo, wom:nofalldamage, wom:reload_cooldown, wom:holding_rmb, wom:cooldown, wom:zoom, wom:shoot, wom:using_item, wom:zoom_cooldown] for wom:ender_blast
[31Jul2026 18:03:28.612] [main/INFO] [epicfight/]: Data keys [wom:side, wom:combo, wom:nofalldamage, wom:reload_cooldown, wom:holding_rmb, wom:cooldown, wom:zoom, wom:shoot, wom:using_item, wom:zoom_cooldown] for wom:ender_fusion
[31Jul2026 18:03:28.613] [main/INFO] [epicfight/]: Data keys [wom:holding_stance, wom:gesetz_sprengkopf, wom:combo, wom:charging_time, wom:parrying, wom:holding_rmb, wom:guard_point_result, wom:charged, wom:guard_point, wom:cooldown] for wom:regierung
[31Jul2026 18:03:28.613] [main/INFO] [epicfight/]: Data keys [wom:timer_refresh, wom:timer, wom:echo, wom:crescent, wom:lunar_eclipse_stack] for wom:lunar_eclipse
[31Jul2026 18:03:28.613] [main/INFO] [epicfight/]: Data keys [wom:verso, wom:idle] for wom:lunar_echo_passive
[31Jul2026 18:03:28.613] [main/INFO] [epicfight/]: Data keys [wom:witheraftereffect, wom:holding_rmb, wom:darkness_target, wom:witherccatharsis, wom:active, wom:darkness_target_vec, wom:darkness_target_hited, wom:darkness_portal_timer, wom:timer_refresh, wom:darkness_portal_angle, wom:timer, wom:blackhole_vec, wom:ascending, wom:blackhole_active, wom:serius_focus, wom:darkness_activate_portal, wom:shoot_cooldown, wom:blackhole_timer, wom:darkness_target_reaped, wom:zoom, wom:blackhole, wom:serius_focus_cooldown, wom:shoot, wom:darkness_portal_vec, wom:zoom_cooldown] for wom:demonic_ascension
[31Jul2026 18:03:28.613] [main/INFO] [epicfight/]: Data keys [wom:catharsis, wom:particle, wom:lapse, wom:idle, wom:withercurse, wom:blink, wom:basic_attack] for wom:demon_mark_passive
[31Jul2026 18:03:28.613] [main/INFO] [epicfight/]: Data keys [wom:cycle, wom:heat_level, wom:solar_crematorio, wom:holding_rmb, wom:solar_infernio, wom:solar_obscuridad, wom:heating_speed, wom:solar_obscuridad_ta_timer, wom:timer_refresh, wom:timer, wom:particle, wom:timed_attack, wom:charge, wom:charging, wom:stored_heat_level] for wom:solar_arcano
[31Jul2026 18:03:28.613] [main/INFO] [epicfight/]: Data keys [wom:cycle, wom:heat_level, wom:solar_crematorio, wom:solar_infernio, wom:solar_obscuridad, wom:heating_speed, wom:solar_obscuridad_ta_timer, wom:timer_refresh, wom:timer, wom:particle, wom:timed_attack, wom:charge, wom:charging, wom:stored_heat_level] for wom:solar_passive
[31Jul2026 18:03:28.613] [main/INFO] [epicfight/]: Data keys [wom:serius_focus, wom:serius_focus_cooldown] for wom:rechargement
[31Jul2026 18:03:28.613] [main/INFO] [epicfight/]: Data keys [wom:active, wom:shell_delay, wom:cycle, wom:shell_number, wom:bullet_loaded_old, wom:charged, wom:charge, wom:super_reload, wom:bullet_overloaded, wom:shell_anim, wom:bullet_loaded] for wom:napoleon_passive
[31Jul2026 18:03:28.614] [main/INFO] [epicfight/]: Data keys [invincible:dodge_success_timer, invincible:right, invincible:cooldown, invincible:up, invincible:down, invincible:left, invincible:parry_timer] for wolm:toxicus_obliteration_sword
[31Jul2026 18:03:28.614] [main/INFO] [epicfight/]: Data keys [invincible:dodge_success_timer, invincible:right, invincible:cooldown, invincible:up, invincible:down, invincible:left, invincible:parry_timer] for wolm:toxicus_obliteration_swordshield
[31Jul2026 18:03:28.614] [main/INFO] [epicfight/]: Data keys [efn:scythe_blood_power, efn:scythe_sheath] for efn:scythe_skill
[31Jul2026 18:03:28.614] [main/INFO] [epicfight/]: Data keys [efn:thornwheel_loop_available, efn:press_innate, efn:thornwheel_loop] for efn:thornwheel
[31Jul2026 18:03:28.614] [main/INFO] [epicfight/]: Data keys [efn:jump_key_pressed_last_tick, efn:murasama_forward_dodge, efn:jump_count] for efn:murasama_dodge
[31Jul2026 18:03:28.614] [main/INFO] [epicfight/]: Data keys [efn:current_puncture_chance, efn:puncture_increment, efn:base_puncture_chance, efn:max_puncture_chance] for efn:parry_master
[31Jul2026 18:03:28.614] [main/INFO] [epicfight/]: Data keys [efn:buff_end_tick, efn:buff_active, efn:defense_start_tick] for efn:precise_parry
[31Jul2026 18:03:28.614] [main/INFO] [epicfight/]: Data keys [efn:cooldown_2, efn:cooldown_1, efn:cooldown] for efn:judgementcutend
[31Jul2026 18:03:28.614] [main/INFO] [epicfight/]: Data keys [efn:cooldown_2, efn:cooldown_1, efn:cooldown] for efn:stomp
[31Jul2026 18:03:28.614] [main/INFO] [epicfight/]: Data keys [efn:murasama_zansetsu_timer, efn:murasama_zansetsu_slash_release, efn:murasama_zansetsu_end_time, efn:arts_key, efn:arts_key_pressed, efn:murasama_input_mode_switch_pressed, efn:murasama_zandatsu_start_time, efn:murasama_zansetsu_sector, efn:murasama_zansetsu_attack_counter, efn:murasama_pair_flag, efn:murasama_last_triggered_sector, efn:murasama_key_right_down, efn:murasama_zansetsu_start_time, efn:murasama_zandatsu_available, efn:murasama_zandatsu_end_time, efn:murasama_zansetsu_input_mode, efn:murasama_zansetsu_active, efn:murasama_left_mouse_pressed, efn:murasama_key_left_down, efn:murasama_opposite_triggered] for efn:zansetsu
[31Jul2026 18:03:28.615] [main/INFO] [epicfight/]: Data keys [efn:cooldown_2, efn:cooldown_1, efn:cooldown] for efn:execution
[31Jul2026 18:03:28.615] [main/INFO] [epicfight/]: Data keys [epicfight:penalty_restore_counter, efn:efn_last_guard_start_tick, efn:efn_first_shake, efn:efn_last_parry_time, efn:efn_shake_penalty_count, epicfight:penalty, efn:efn_parry_motion_counter, efn:efn_starting_parry, efn:efn_delay_protection_end, efn:efn_shake_detected, efn:efn_last_successful_defense_tick, efn:efn_last_active] for efn:efn_parry
[31Jul2026 18:03:28.615] [main/INFO] [epicfight/]: Data keys [epicfight:penalty_restore_counter, efn:efn_last_guard_start_tick, efn:efn_first_shake, efn:efn_last_parry_time, efn:efn_shake_penalty_count, epicfight:penalty, efn:efn_parry_motion_counter, efn:efn_starting_parry, efn:efn_delay_protection_end, efn:efn_shake_detected, efn:efn_last_successful_defense_tick, efn:efn_last_active] for efn:murasama_parry
[31Jul2026 18:03:28.615] [main/INFO] [epicfight/]: Data keys [efn:cooldown_2, efn:arts_input_buffer, efn:cooldown_1, efn:sekiro_art_index, efn:cooldown, efn:arts_key, efn:arts_key_pressed] for efn:mortal_blade
[31Jul2026 18:03:28.615] [main/INFO] [epicfight/]: Data keys [efn:pressing_key2, efn:arts_key_pressed, efn:full_charge_message, efn:pressing_key1, efn:pressing_innate, efn:charge_message, efn:press_summon_sword, efn:is_charging, invincible:parry_timer, efn:cooldown_1, efn:press_innate, efn:doppelganger_tick, efn:cooldown, invincible:up, efn:have_doppelganger, efn:demon_key, efn:cooldown_2, efn:pressing_key4, efn:force_release, invincible:right, efn:press_key2, efn:down_key, efn:press_key3, efn:doppelganger_delay, efn:doppelganger_style, efn:charge_ticks, efn:key4_press_timer, efn:was_long_pressed, efn:energy_check, efn:key1_press_timer, efn:guard_key, invincible:dodge_success_timer, efn:press_key4, efn:angel_key, efn:charge_stage, efn:pressing_key3, efn:key3_press_timer, efn:arts_key, efn:key2_press_timer, invincible:cooldown, efn:innate_press_timer, invincible:down, invincible:left, efn:combo_counter, efn:sneak_key, efn:press_key1, efn:jump_key, efn:press_doppelganger, efn:charge_power, efn:is_pressing, efn:sprint_key, efn:up_key] for efn:yamato
[31Jul2026 18:03:28.615] [main/INFO] [epicfight/]: Data keys [efn:have_doppelganger, efn:parry_cooldown, efn:doppelganger_style, efn:stun_cooldown, efn:doppelganger_tick, efn:doppelganger_delay] for efn:yamato_passive
[31Jul2026 18:03:28.615] [main/INFO] [epicfight/]: Data keys [efn:pressing_key2, efn:arts_key_pressed, efn:full_charge_message, efn:pressing_key1, efn:pressing_innate, efn:damage_history, efn:charge_message, efn:press_summon_sword, efn:is_charging, invincible:parry_timer, efn:cooldown_1, efn:press_innate, efn:cooldown, invincible:up, efn:demon_key, efn:cooldown_2, efn:pressing_key4, efn:force_release, invincible:right, efn:press_key2, efn:down_key, efn:press_key3, efn:charge_ticks, efn:key4_press_timer, efn:was_long_pressed, efn:energy_check, efn:key1_press_timer, efn:guard_key, efn:is_replay_damage, invincible:dodge_success_timer, efn:press_key4, efn:angel_key, efn:charge_stage, efn:pressing_key3, efn:replay_enhanced, efn:key3_press_timer, efn:arts_key, efn:key2_press_timer, invincible:cooldown, efn:innate_press_timer, invincible:down, invincible:left, efn:combo_counter, efn:sneak_key, efn:press_key1, efn:jump_key, efn:charge_power, efn:is_pressing, efn:sprint_key, efn:up_key] for efn:shortsword
[31Jul2026 18:03:28.616] [main/INFO] [epicfight/]: Data keys [efn:pressing_key2, efn:charge_ticks, efn:arts_key_pressed, efn:full_charge_message, efn:key4_press_timer, efn:was_long_pressed, efn:energy_check, efn:pressing_key1, efn:pressing_innate, efn:key1_press_timer, efn:guard_key, invincible:dodge_success_timer, efn:charge_message, efn:press_key4, efn:angel_key, efn:charge_stage, efn:press_summon_sword, efn:pressing_key3, efn:is_charging, invincible:parry_timer, efn:key3_press_timer, efn:cooldown_1, efn:press_innate, efn:cooldown, efn:arts_key, efn:key2_press_timer, invincible:cooldown, efn:innate_press_timer, invincible:up, invincible:down, invincible:left, efn:combo_counter, efn:sneak_key, efn:demon_key, efn:cooldown_2, efn:pressing_key4, efn:force_release, invincible:right, efn:press_key2, efn:down_key, efn:press_key1, efn:jump_key, efn:charge_power, efn:press_key3, efn:is_pressing, efn:sprint_key, efn:up_key] for efn:ruinsgreatsword
[31Jul2026 18:03:28.616] [main/INFO] [epicfight/]: Data keys [efn:pressing_key2, efn:charge_ticks, efn:arts_key_pressed, efn:full_charge_message, efn:key4_press_timer, efn:was_long_pressed, efn:energy_check, efn:pressing_key1, efn:pressing_innate, efn:key1_press_timer, efn:guard_key, invincible:dodge_success_timer, efn:charge_message, efn:press_key4, efn:angel_key, efn:charge_stage, efn:press_summon_sword, efn:pressing_key3, efn:is_charging, invincible:parry_timer, efn:key3_press_timer, efn:cooldown_1, efn:press_innate, efn:cooldown, efn:arts_key, efn:key2_press_timer, invincible:cooldown, efn:innate_press_timer, invincible:up, invincible:down, invincible:left, efn:combo_counter, efn:sneak_key, efn:demon_key, efn:cooldown_2, efn:pressing_key4, efn:force_release, invincible:right, efn:press_key2, efn:down_key, efn:press_key1, efn:jump_key, efn:charge_power, efn:press_key3, efn:is_pressing, efn:sprint_key, efn:up_key] for efn:pioneer
[31Jul2026 18:03:28.616] [main/INFO] [epicfight/]: Data keys [efn:pressing_key2, efn:arts_key_pressed, efn:murasama_air_borne, efn:murasama_input_mode_switch_pressed, efn:full_charge_message, efn:pressing_key1, efn:pressing_innate, efn:murasama_zansetsu_attack_counter, efn:murasama_last_triggered_sector, efn:charge_message, efn:murasama_zansetsu_input_mode, efn:murasama_zansetsu_active, efn:press_summon_sword, efn:is_charging, invincible:parry_timer, efn:cooldown_1, efn:press_innate, efn:murasama_zansetsu_slash_release, efn:murasama_zansetsu_end_time, efn:cooldown, invincible:up, efn:demon_key, efn:cooldown_2, efn:pressing_key4, efn:murasama_key_right_down, efn:murasama_zansetsu_start_time, efn:force_release, efn:murasama_sheath, invincible:right, efn:murasama_zandatsu_end_time, efn:press_key2, efn:down_key, efn:murasama_key_left_down, efn:press_key3, efn:murasama_zansetsu_timer, efn:charge_ticks, efn:murasama_sheath_timer, efn:murasama_zandatsu_start_time, efn:key4_press_timer, efn:was_long_pressed, efn:murasama_zansetsu_sector, efn:energy_check, efn:key1_press_timer, efn:guard_key, invincible:dodge_success_timer, efn:press_key4, efn:angel_key, efn:charge_stage, efn:pressing_key3, efn:key3_press_timer, efn:manual_unsheath, efn:murasama_forward_dodge, efn:arts_key, efn:key2_press_timer, invincible:cooldown, efn:innate_press_timer, invincible:down, invincible:left, efn:combo_counter, efn:sneak_key, efn:murasama_pair_flag, efn:murasama_zandatsu_available, efn:murasama_left_mouse_pressed, efn:press_key1, efn:murasama_opposite_triggered, efn:jump_key, efn:charge_power, efn:is_pressing, efn:sprint_key, efn:up_key, efn:sprint_sheath_timer] for efn:murasama
[31Jul2026 18:03:28.616] [main/INFO] [epicfight/]: Data keys [efn:murasama_zansetsu_timer, efn:up_key_pressed_last_tick, efn:is_double_tap_sprint, efn:forward_backward_success, efn:murasama_sheath_timer, efn:forward_backward_remaining_ticks, efn:double_tap_timer, efn:forward_backward_window_active, efn:murasama_input_mode_switch_pressed, efn:murasama_zandatsu_start_time, efn:murasama_zansetsu_sector, efn:murasama_zansetsu_attack_counter, efn:murasama_last_triggered_sector, efn:murasama_zansetsu_input_mode, efn:murasama_zansetsu_active, efn:backward_pressed_last_tick, efn:jump_count, efn:forward_backward_timer, efn:manual_unsheath, efn:murasama_zansetsu_slash_release, efn:murasama_zansetsu_end_time, efn:murasama_forward_dodge, efn:murasama_pair_flag, efn:murasama_key_right_down, efn:murasama_zansetsu_start_time, efn:jump_key_pressed_last_tick, efn:murasama_zandatsu_available, efn:was_double_tap_sprint, efn:murasama_sheath, efn:murasama_zandatsu_end_time, efn:murasama_left_mouse_pressed, efn:murasama_key_left_down, efn:murasama_opposite_triggered, efn:forward_backward_end_tick, efn:sprint_sheath_timer, efn:forward_pressed_last_tick] for efn:murasama_passive
[31Jul2026 18:03:28.616] [main/INFO] [epicfight/]: Data keys [efn:pressing_key2, efn:charge_ticks, efn:arts_key_pressed, efn:full_charge_message, efn:key4_press_timer, efn:was_long_pressed, efn:energy_check, efn:pressing_key1, efn:pressing_innate, efn:key1_press_timer, efn:guard_key, invincible:dodge_success_timer, efn:charge_message, efn:press_key4, efn:angel_key, efn:charge_stage, efn:press_summon_sword, efn:pressing_key3, efn:is_charging, invincible:parry_timer, efn:key3_press_timer, efn:cooldown_1, efn:press_innate, efn:cooldown, efn:arts_key, efn:key2_press_timer, invincible:cooldown, efn:innate_press_timer, invincible:up, invincible:down, invincible:left, efn:combo_counter, efn:sneak_key, efn:demon_key, efn:cooldown_2, efn:pressing_key4, efn:force_release, invincible:right, efn:press_key2, efn:down_key, efn:press_key1, efn:jump_key, efn:charge_power, efn:press_key3, efn:is_pressing, efn:sprint_key, efn:up_key] for efn:meenlance
[31Jul2026 18:03:28.617] [main/INFO] [epicfight/]: Data keys [efn:pressing_key2, efn:charge_ticks, efn:arts_key_pressed, efn:full_charge_message, efn:key4_press_timer, efn:was_long_pressed, efn:energy_check, efn:pressing_key1, efn:pressing_innate, efn:key1_press_timer, efn:guard_key, invincible:dodge_success_timer, efn:charge_message, efn:press_key4, efn:angel_key, efn:charge_stage, efn:press_summon_sword, efn:pressing_key3, efn:is_charging, invincible:parry_timer, efn:key3_press_timer, efn:cooldown_1, efn:press_innate, efn:cooldown, efn:arts_key, efn:key2_press_timer, invincible:cooldown, efn:innate_press_timer, invincible:up, invincible:down, invincible:left, efn:combo_counter, efn:sneak_key, efn:demon_key, efn:cooldown_2, efn:pressing_key4, efn:force_release, invincible:right, efn:press_key2, efn:down_key, efn:press_key1, efn:jump_key, efn:charge_power, efn:press_key3, efn:is_pressing, efn:sprint_key, efn:up_key] for efn:kusabimaru
[31Jul2026 18:03:28.617] [main/INFO] [epicfight/]: Data keys [efn:pressing_key2, efn:arts_key_pressed, efn:murasama_air_borne, efn:murasama_input_mode_switch_pressed, efn:full_charge_message, efn:pressing_key1, efn:pressing_innate, efn:murasama_zansetsu_attack_counter, efn:murasama_last_triggered_sector, efn:charge_message, efn:murasama_zansetsu_input_mode, efn:murasama_zansetsu_active, efn:press_summon_sword, efn:is_charging, invincible:parry_timer, efn:cooldown_1, efn:press_innate, efn:murasama_zansetsu_slash_release, efn:murasama_zansetsu_end_time, efn:cooldown, invincible:up, efn:demon_key, efn:cooldown_2, efn:pressing_key4, efn:murasama_key_right_down, efn:murasama_zansetsu_start_time, efn:force_release, efn:murasama_sheath, invincible:right, efn:murasama_zandatsu_end_time, efn:press_key2, efn:down_key, efn:murasama_key_left_down, efn:press_key3, efn:murasama_zansetsu_timer, efn:charge_ticks, efn:murasama_sheath_timer, efn:murasama_zandatsu_start_time, efn:key4_press_timer, efn:was_long_pressed, efn:murasama_zansetsu_sector, efn:energy_check, efn:key1_press_timer, efn:guard_key, invincible:dodge_success_timer, efn:press_key4, efn:angel_key, efn:charge_stage, efn:pressing_key3, efn:key3_press_timer, efn:manual_unsheath, efn:murasama_forward_dodge, efn:arts_key, efn:key2_press_timer, invincible:cooldown, efn:innate_press_timer, invincible:down, invincible:left, efn:combo_counter, efn:sneak_key, efn:murasama_pair_flag, efn:murasama_zandatsu_available, efn:murasama_left_mouse_pressed, efn:press_key1, efn:murasama_opposite_triggered, efn:jump_key, efn:charge_power, efn:is_pressing, efn:sprint_key, efn:up_key, efn:sprint_sheath_timer] for efn:hf_blade
[31Jul2026 18:03:28.617] [main/INFO] [epicfight/]: Data keys [efn:murasama_zansetsu_timer, efn:up_key_pressed_last_tick, efn:is_double_tap_sprint, efn:forward_backward_success, efn:murasama_sheath_timer, efn:forward_backward_remaining_ticks, efn:double_tap_timer, efn:forward_backward_window_active, efn:murasama_input_mode_switch_pressed, efn:murasama_zandatsu_start_time, efn:murasama_zansetsu_sector, efn:murasama_zansetsu_attack_counter, efn:murasama_last_triggered_sector, efn:murasama_zansetsu_input_mode, efn:murasama_zansetsu_active, efn:backward_pressed_last_tick, efn:jump_count, efn:forward_backward_timer, efn:manual_unsheath, efn:murasama_zansetsu_slash_release, efn:murasama_zansetsu_end_time, efn:murasama_forward_dodge, efn:murasama_pair_flag, efn:murasama_key_right_down, efn:murasama_zansetsu_start_time, efn:jump_key_pressed_last_tick, efn:murasama_zandatsu_available, efn:was_double_tap_sprint, efn:murasama_sheath, efn:murasama_zandatsu_end_time, efn:murasama_left_mouse_pressed, efn:murasama_key_left_down, efn:murasama_opposite_triggered, efn:forward_backward_end_tick, efn:sprint_sheath_timer, efn:forward_pressed_last_tick] for efn:hf_blade_passive
[31Jul2026 18:03:28.617] [main/INFO] [epicfight/]: Data keys [efn:pressing_key2, efn:charge_ticks, efn:arts_key_pressed, efn:full_charge_message, efn:key4_press_timer, efn:was_long_pressed, efn:energy_check, efn:pressing_key1, efn:pressing_innate, efn:key1_press_timer, efn:guard_key, invincible:dodge_success_timer, efn:charge_message, efn:press_key4, efn:angel_key, efn:charge_stage, efn:press_summon_sword, efn:pressing_key3, efn:is_charging, invincible:parry_timer, efn:key3_press_timer, efn:cooldown_1, efn:press_innate, efn:cooldown, efn:arts_key, efn:key2_press_timer, invincible:cooldown, efn:innate_press_timer, invincible:up, invincible:down, invincible:left, efn:combo_counter, efn:sneak_key, efn:demon_key, efn:cooldown_2, efn:pressing_key4, efn:force_release, invincible:right, efn:press_key2, efn:down_key, efn:press_key1, efn:jump_key, efn:charge_power, efn:press_key3, efn:is_pressing, efn:sprint_key, efn:up_key] for efn:exsiliumgladius
[31Jul2026 18:03:28.617] [main/INFO] [epicfight/]: Data keys [invincible:dodge_success_timer, invincible:right, invincible:cooldown, invincible:up, invincible:down, invincible:left, invincible:parry_timer] for efn:examplecombo
[31Jul2026 18:03:28.617] [main/INFO] [epicfight/]: Data keys [efn:pressing_key2, efn:charge_ticks, efn:arts_key_pressed, efn:full_charge_message, efn:key4_press_timer, efn:was_long_pressed, efn:energy_check, efn:pressing_key1, efn:pressing_innate, efn:key1_press_timer, efn:guard_key, invincible:dodge_success_timer, efn:charge_message, efn:press_key4, efn:angel_key, efn:charge_stage, efn:press_summon_sword, efn:pressing_key3, efn:is_charging, invincible:parry_timer, efn:key3_press_timer, efn:cooldown_1, efn:press_innate, efn:cooldown, efn:arts_key, efn:key2_press_timer, invincible:cooldown, efn:innate_press_timer, invincible:up, invincible:down, invincible:left, efn:combo_counter, efn:sneak_key, efn:demon_key, efn:cooldown_2, efn:pressing_key4, efn:force_release, invincible:right, efn:press_key2, efn:down_key, efn:press_key1, efn:jump_key, efn:charge_power, efn:press_key3, efn:is_pressing, efn:sprint_key, efn:up_key] for efn:crescentmoon
[31Jul2026 18:03:28.618] [main/INFO] [epicfight/]: Data keys [efn:pressing_key2, efn:charge_ticks, efn:arts_key_pressed, efn:full_charge_message, efn:key4_press_timer, efn:was_long_pressed, efn:energy_check, efn:pressing_key1, efn:pressing_innate, efn:key1_press_timer, efn:guard_key, invincible:dodge_success_timer, efn:charge_message, efn:press_key4, efn:angel_key, efn:charge_stage, efn:press_summon_sword, efn:pressing_key3, efn:is_charging, invincible:parry_timer, efn:key3_press_timer, efn:cooldown_1, efn:press_innate, efn:cooldown, efn:arts_key, efn:key2_press_timer, invincible:cooldown, efn:innate_press_timer, invincible:up, invincible:down, invincible:left, efn:combo_counter, efn:sneak_key, efn:demon_key, efn:cooldown_2, efn:pressing_key4, efn:force_release, invincible:right, efn:press_key2, efn:down_key, efn:press_key1, efn:jump_key, efn:charge_power, efn:press_key3, efn:is_pressing, efn:sprint_key, efn:up_key] for efn:broadblade
[31Jul2026 18:03:28.618] [main/INFO] [epicfight/]: Data keys [efn:pressing_key2, efn:charge_ticks, efn:arts_key_pressed, efn:full_charge_message, efn:key4_press_timer, efn:was_long_pressed, efn:energy_check, efn:pressing_key1, efn:pressing_innate, efn:key1_press_timer, efn:guard_key, invincible:dodge_success_timer, efn:charge_message, efn:press_key4, efn:angel_key, efn:charge_stage, efn:press_summon_sword, efn:pressing_key3, efn:is_charging, invincible:parry_timer, efn:key3_press_timer, efn:cooldown_1, efn:press_innate, efn:cooldown, efn:arts_key, efn:key2_press_timer, invincible:cooldown, efn:innate_press_timer, invincible:up, invincible:down, invincible:left, efn:combo_counter, efn:sneak_key, efn:demon_key, efn:cooldown_2, efn:pressing_key4, efn:force_release, invincible:right, efn:press_key2, efn:down_key, efn:press_key1, efn:jump_key, efn:charge_power, efn:press_key3, efn:is_pressing, efn:sprint_key, efn:up_key] for efn:bloodlust
[31Jul2026 18:03:28.618] [main/INFO] [epicfight/]: Data keys [efn:pressing_key2, efn:charge_ticks, efn:arts_key_pressed, efn:full_charge_message, efn:key4_press_timer, efn:was_long_pressed, efn:energy_check, efn:pressing_key1, efn:pressing_innate, efn:key1_press_timer, efn:guard_key, invincible:dodge_success_timer, efn:charge_message, efn:press_key4, efn:angel_key, efn:charge_stage, efn:press_summon_sword, efn:pressing_key3, efn:is_charging, invincible:parry_timer, efn:key3_press_timer, efn:cooldown_1, efn:press_innate, efn:cooldown, efn:arts_key, efn:key2_press_timer, invincible:cooldown, efn:innate_press_timer, invincible:up, invincible:down, invincible:left, efn:combo_counter, efn:sneak_key, efn:demon_key, efn:cooldown_2, efn:pressing_key4, efn:force_release, invincible:right, efn:press_key2, efn:down_key, efn:press_key1, efn:jump_key, efn:charge_power, efn:press_key3, efn:is_pressing, efn:sprint_key, efn:up_key] for efn:beastclaw
[31Jul2026 18:03:28.619] [main/INFO] [epicfight/]: Data keys [efn:pressing_key2, efn:charge_ticks, efn:arts_key_pressed, efn:full_charge_message, efn:key4_press_timer, efn:was_long_pressed, efn:energy_check, efn:pressing_key1, efn:pressing_innate, efn:key1_press_timer, efn:guard_key, invincible:dodge_success_timer, efn:charge_message, efn:press_key4, efn:angel_key, efn:charge_stage, efn:press_summon_sword, efn:pressing_key3, efn:is_charging, invincible:parry_timer, efn:key3_press_timer, efn:cooldown_1, efn:press_innate, efn:cooldown, efn:arts_key, efn:key2_press_timer, invincible:cooldown, efn:innate_press_timer, invincible:up, invincible:down, invincible:left, efn:combo_counter, efn:sneak_key, efn:demon_key, efn:cooldown_2, efn:pressing_key4, efn:force_release, invincible:right, efn:press_key2, efn:down_key, efn:press_key1, efn:jump_key, efn:charge_power, efn:press_key3, efn:is_pressing, efn:sprint_key, efn:up_key] for efn:aetherialdusk
[31Jul2026 18:03:28.628] [Forge Version Check/INFO] [net.minecraftforge.fml.VersionChecker/]: [structure_gel] Found status: BETA Current: 2.16.2 Target: null
[31Jul2026 18:03:28.628] [Forge Version Check/INFO] [net.minecraftforge.fml.VersionChecker/]: [corpse] Starting version check at https://update.maxhenkel.de/forge/corpse
[31Jul2026 18:03:28.717] [main/WARN] [net.minecraft.server.packs.VanillaPackResourcesBuilder/]: Assets URL 'union:/workspaces/Server/servidor_minecraft/libraries/net/minecraft/server/1.20.1-20230612.114412/server-1.20.1-20230612.114412-srg.jar%23373!/assets/.mcassetsroot' uses unexpected schema
[31Jul2026 18:03:28.717] [main/WARN] [net.minecraft.server.packs.VanillaPackResourcesBuilder/]: Assets URL 'union:/workspaces/Server/servidor_minecraft/libraries/net/minecraft/server/1.20.1-20230612.114412/server-1.20.1-20230612.114412-srg.jar%23373!/data/.mcassetsroot' uses unexpected schema
[31Jul2026 18:03:29.344] [Forge Version Check/INFO] [net.minecraftforge.fml.VersionChecker/]: [corpse] Found status: AHEAD Current: 1.20.1-1.0.23 Target: null
[31Jul2026 18:03:29.344] [Forge Version Check/INFO] [net.minecraftforge.fml.VersionChecker/]: [searchables] Starting version check at https://updates.blamejared.com/get?n=searchables&gv=1.20.1
[31Jul2026 18:03:29.499] [Forge Version Check/INFO] [net.minecraftforge.fml.VersionChecker/]: [searchables] Found status: BETA Current: 1.0.3 Target: 1.0.3
[31Jul2026 18:03:29.499] [Forge Version Check/INFO] [net.minecraftforge.fml.VersionChecker/]: [cumulus_menus] Starting version check at https://github.com/The-Aether-Team/Cumulus/raw/1.20.1-develop/update.json
[31Jul2026 18:03:29.566] [Forge Version Check/INFO] [net.minecraftforge.fml.VersionChecker/]: [cumulus_menus] Found status: UP_TO_DATE Current: 1.20.1-1.0.1-neoforge Target: null
[31Jul2026 18:03:29.567] [Forge Version Check/INFO] [net.minecraftforge.fml.VersionChecker/]: [radium] Starting version check at https://api.modrinth.com/updates/radium/forge_updates.json
[31Jul2026 18:03:29.701] [Forge Version Check/INFO] [net.minecraftforge.fml.VersionChecker/]: [radium] Found status: AHEAD Current: 0.12.4+git.26c9d8e Target: null
[31Jul2026 18:03:29.702] [Forge Version Check/INFO] [net.minecraftforge.fml.VersionChecker/]: [cgm] Starting version check at https://raw.githubusercontent.com/MrCrayfish/ModUpdates/master/cgm/update.json
[31Jul2026 18:03:29.867] [main/INFO] [com.cupboard.Cupboard/]: Loaded config for: connectivity.json
[31Jul2026 18:03:29.964] [Forge Version Check/INFO] [net.minecraftforge.fml.VersionChecker/]: [cgm] Found status: BETA Current: 1.4.20 Target: null
[31Jul2026 18:03:29.964] [Forge Version Check/INFO] [net.minecraftforge.fml.VersionChecker/]: [attributefix] Starting version check at https://updates.blamejared.com/get?n=attributefix&gv=1.20.1
[31Jul2026 18:03:30.119] [Forge Version Check/INFO] [net.minecraftforge.fml.VersionChecker/]: [attributefix] Found status: BETA Current: 21.0.5 Target: 21.0.5
[31Jul2026 18:03:30.119] [Forge Version Check/INFO] [net.minecraftforge.fml.VersionChecker/]: [clumps] Starting version check at https://updates.blamejared.com/get?n=clumps&gv=1.20.1
[31Jul2026 18:03:30.274] [Forge Version Check/INFO] [net.minecraftforge.fml.VersionChecker/]: [clumps] Found status: BETA Current: 12.0.0.4 Target: 12.0.0.4
[31Jul2026 18:03:30.274] [Forge Version Check/INFO] [net.minecraftforge.fml.VersionChecker/]: [forge] Starting version check at https://files.minecraftforge.net/net/minecraftforge/forge/promotions_slim.json
[31Jul2026 18:03:30.474] [Forge Version Check/INFO] [net.minecraftforge.fml.VersionChecker/]: [forge] Found status: OUTDATED Current: 47.4.21 Target: 47.4.22
[31Jul2026 18:03:30.474] [Forge Version Check/INFO] [net.minecraftforge.fml.VersionChecker/]: [voicechat] Starting version check at https://update.maxhenkel.de/forge/voicechat
[31Jul2026 18:03:30.622] [Forge Version Check/INFO] [net.minecraftforge.fml.VersionChecker/]: [voicechat] Found status: OUTDATED Current: 1.20.1-2.6.20 Target: 1.20.1-2.6.21
[31Jul2026 18:03:30.625] [Forge Version Check/INFO] [net.minecraftforge.fml.VersionChecker/]: [mr_camps_castles_carriages] Starting version check at https://api.modrinth.com/updates/h9XxzZxe/forge_updates.json
[31Jul2026 18:03:30.760] [Forge Version Check/INFO] [net.minecraftforge.fml.VersionChecker/]: [mr_camps_castles_carriages] Found status: OUTDATED Current: 2.3.4 Target: 2.3.4+mod
[31Jul2026 18:03:30.761] [Forge Version Check/INFO] [net.minecraftforge.fml.VersionChecker/]: [securitycraft] Starting version check at https://www.github.com/Geforce132/SecurityCraft/raw/master/Updates/Forge.json
[31Jul2026 18:03:31.010] [Forge Version Check/INFO] [net.minecraftforge.fml.VersionChecker/]: [securitycraft] Found status: AHEAD Current: 1.10.2.1 Target: null
[31Jul2026 18:03:31.010] [Forge Version Check/INFO] [net.minecraftforge.fml.VersionChecker/]: [aquamirae] Starting version check at https://raw.githubusercontent.com/ObscuriaLithium/modding/main/versions/aquamirae.json
[31Jul2026 18:03:31.022] [Forge Version Check/INFO] [net.minecraftforge.fml.VersionChecker/]: [aquamirae] Found status: OUTDATED Current: 6.4.0 Target: 7.1.8
[31Jul2026 18:03:31.187] [main/INFO] [bountiful/]: Adding serverside commands..
[31Jul2026 18:03:31.291] [main/INFO] [com.github.alexthe666.alexsmobs.AlexsMobs/]: Adding datapack listener capsid_recipes
[31Jul2026 18:03:31.611] [Worker-Main-2/ERROR] [net.minecraft.tags.TagLoader/]: Couldn't load tag ctov:wares/cardboard_box as it is missing following references: wares:cardboard_box (from [forge]ctov-3.4.14.jar)
[31Jul2026 18:03:31.624] [Worker-Main-2/ERROR] [net.minecraft.tags.TagLoader/]: Couldn't load tag ctov:wares/sealed_delivery_agreement as it is missing following references: wares:sealed_delivery_agreement (from [forge]ctov-3.4.14.jar)
[31Jul2026 18:03:31.724] [Worker-Main-3/ERROR] [net.minecraft.server.packs.resources.SimpleJsonResourceReloadListener/]: Couldn't parse data file gtbcs_geomancy_plus:chests/test from gtbcs_geomancy_plus:loot_tables/chests/test.json
com.google.gson.JsonParseException: java.io.EOFException: End of input at line 1 column 1 path $
	at net.minecraft.util.GsonHelper.m_13780_(GsonHelper.java:526) ~[server-1.20.1-20230612.114412-srg.jar%23373!/:?]
	at net.minecraft.util.GsonHelper.m_263475_(GsonHelper.java:531) ~[server-1.20.1-20230612.114412-srg.jar%23373!/:?]
	at net.minecraft.util.GsonHelper.m_13776_(GsonHelper.java:581) ~[server-1.20.1-20230612.114412-srg.jar%23373!/:?]
	at net.minecraft.server.packs.resources.SimpleJsonResourceReloadListener.m_278771_(SimpleJsonResourceReloadListener.java:41) ~[server-1.20.1-20230612.114412-srg.jar%23373!/:?]
	at net.minecraft.world.level.storage.loot.LootDataManager.m_278660_(LootDataManager.java:54) ~[server-1.20.1-20230612.114412-srg.jar%23373!/:?]
	at java.util.concurrent.CompletableFuture$AsyncRun.run(CompletableFuture.java:1804) ~[?:?]
	at java.util.concurrent.CompletableFuture$AsyncRun.exec(CompletableFuture.java:1796) ~[?:?]
	at java.util.concurrent.ForkJoinTask.doExec(ForkJoinTask.java:373) ~[?:?]
	at java.util.concurrent.ForkJoinPool$WorkQueue.topLevelExec(ForkJoinPool.java:1182) ~[?:?]
	at java.util.concurrent.ForkJoinPool.scan(ForkJoinPool.java:1655) ~[?:?]
	at java.util.concurrent.ForkJoinPool.runWorker(ForkJoinPool.java:1622) ~[?:?]
	at java.util.concurrent.ForkJoinWorkerThread.run(ForkJoinWorkerThread.java:165) ~[?:?]
Caused by: java.io.EOFException: End of input at line 1 column 1 path $
	at com.google.gson.stream.JsonReader.nextNonWhitespace(JsonReader.java:1455) ~[gson-2.10.jar%2370!/:?]
	at com.google.gson.stream.JsonReader.doPeek(JsonReader.java:558) ~[gson-2.10.jar%2370!/:?]
	at com.google.gson.stream.JsonReader.peek(JsonReader.java:433) ~[gson-2.10.jar%2370!/:?]
	at com.google.gson.internal.bind.TypeAdapters$28.read(TypeAdapters.java:769) ~[gson-2.10.jar%2370!/:?]
	at com.google.gson.internal.bind.TypeAdapters$28.read(TypeAdapters.java:725) ~[gson-2.10.jar%2370!/:?]
	at com.google.gson.internal.bind.TypeAdapters$34$1.read(TypeAdapters.java:1007) ~[gson-2.10.jar%2370!/:?]
	at net.minecraft.util.GsonHelper.m_13780_(GsonHelper.java:524) ~[server-1.20.1-20230612.114412-srg.jar%23373!/:?]
	... 11 more
[31Jul2026 18:03:32.141] [Worker-Main-3/ERROR] [net.minecraftforge.common.ForgeHooks/]: Couldn't parse element loot_tables:irons_spellbooks:chests/catacombs/crypt_loot
com.google.gson.JsonSyntaxException: Missing name, expected to find a string
	at net.minecraft.util.GsonHelper.m_13906_(GsonHelper.java:127) ~[server-1.20.1-20230612.114412-srg.jar%23373!/:?]
	at net.minecraft.world.level.storage.loot.entries.LootTableReference$Serializer.m_7267_(LootTableReference.java:67) ~[server-1.20.1-20230612.114412-srg.jar%23373!/:?]
	at net.minecraft.world.level.storage.loot.entries.LootTableReference$Serializer.m_7267_(LootTableReference.java:58) ~[server-1.20.1-20230612.114412-srg.jar%23373!/:?]
	at net.minecraft.world.level.storage.loot.entries.LootPoolSingletonContainer$Serializer.m_5921_(LootPoolSingletonContainer.java:151) ~[server-1.20.1-20230612.114412-srg.jar%23373!/:?]
	at net.minecraft.world.level.storage.loot.entries.LootPoolSingletonContainer$Serializer.m_5921_(LootPoolSingletonContainer.java:129) ~[server-1.20.1-20230612.114412-srg.jar%23373!/:?]
	at net.minecraft.world.level.storage.loot.entries.LootPoolEntryContainer$Serializer.m_7561_(LootPoolEntryContainer.java:86) ~[server-1.20.1-20230612.114412-srg.jar%23373!/:?]
	at net.minecraft.world.level.storage.loot.entries.LootPoolEntryContainer$Serializer.m_7561_(LootPoolEntryContainer.java:74) ~[server-1.20.1-20230612.114412-srg.jar%23373!/:?]
	at net.minecraft.world.level.storage.loot.GsonAdapterFactory$JsonAdapter.deserialize(GsonAdapterFactory.java:102) ~[server-1.20.1-20230612.114412-srg.jar%23373!/:?]
	at com.google.gson.internal.bind.TreeTypeAdapter.read(TreeTypeAdapter.java:76) ~[gson-2.10.jar%2370!/:?]
	at com.google.gson.internal.bind.TypeAdapterRuntimeTypeWrapper.read(TypeAdapterRuntimeTypeWrapper.java:40) ~[gson-2.10.jar%2370!/:?]
	at com.google.gson.internal.bind.ArrayTypeAdapter.read(ArrayTypeAdapter.java:72) ~[gson-2.10.jar%2370!/:?]
	at com.google.gson.Gson.fromJson(Gson.java:1214) ~[gson-2.10.jar%2370!/:?]
	at com.google.gson.Gson.fromJson(Gson.java:1319) ~[gson-2.10.jar%2370!/:?]
	at com.google.gson.Gson.fromJson(Gson.java:1290) ~[gson-2.10.jar%2370!/:?]
	at com.google.gson.internal.bind.TreeTypeAdapter$GsonContextImpl.deserialize(TreeTypeAdapter.java:179) ~[gson-2.10.jar%2370!/:?]
	at net.minecraft.util.GsonHelper.m_13808_(GsonHelper.java:463) ~[server-1.20.1-20230612.114412-srg.jar%23373!/:?]
	at net.minecraft.util.GsonHelper.m_13836_(GsonHelper.java:471) ~[server-1.20.1-20230612.114412-srg.jar%23373!/:?]
	at net.minecraft.world.level.storage.loot.LootPool$Serializer.deserialize(LootPool.java:192) ~[server-1.20.1-20230612.114412-srg.jar%23373!/:?]
	at net.minecraft.world.level.storage.loot.LootPool$Serializer.deserialize(LootPool.java:189) ~[server-1.20.1-20230612.114412-srg.jar%23373!/:?]
	at com.google.gson.internal.bind.TreeTypeAdapter.read(TreeTypeAdapter.java:76) ~[gson-2.10.jar%2370!/:?]
	at com.google.gson.internal.bind.TypeAdapterRuntimeTypeWrapper.read(TypeAdapterRuntimeTypeWrapper.java:40) ~[gson-2.10.jar%2370!/:?]
	at com.google.gson.internal.bind.ArrayTypeAdapter.read(ArrayTypeAdapter.java:72) ~[gson-2.10.jar%2370!/:?]
	at com.google.gson.Gson.fromJson(Gson.java:1214) ~[gson-2.10.jar%2370!/:?]
	at com.google.gson.Gson.fromJson(Gson.java:1319) ~[gson-2.10.jar%2370!/:?]
	at com.google.gson.Gson.fromJson(Gson.java:1290) ~[gson-2.10.jar%2370!/:?]
	at com.google.gson.internal.bind.TreeTypeAdapter$GsonContextImpl.deserialize(TreeTypeAdapter.java:179) ~[gson-2.10.jar%2370!/:?]
	at net.minecraft.util.GsonHelper.m_13808_(GsonHelper.java:463) ~[server-1.20.1-20230612.114412-srg.jar%23373!/:?]
	at net.minecraft.util.GsonHelper.m_13845_(GsonHelper.java:481) ~[server-1.20.1-20230612.114412-srg.jar%23373!/:?]
	at net.minecraft.world.level.storage.loot.LootTable$Serializer.deserialize(LootTable.java:294) ~[server-1.20.1-20230612.114412-srg.jar%23373!/:?]
	at net.minecraft.world.level.storage.loot.LootTable$Serializer.deserialize(LootTable.java:291) ~[server-1.20.1-20230612.114412-srg.jar%23373!/:?]
	at com.google.gson.internal.bind.TreeTypeAdapter.read(TreeTypeAdapter.java:76) ~[gson-2.10.jar%2370!/:?]
	at com.google.gson.Gson.fromJson(Gson.java:1214) ~[gson-2.10.jar%2370!/:?]
	at com.google.gson.Gson.fromJson(Gson.java:1319) ~[gson-2.10.jar%2370!/:?]
	at com.google.gson.Gson.fromJson(Gson.java:1261) ~[gson-2.10.jar%2370!/:?]
	at net.minecraftforge.common.ForgeHooks.loadLootTable(ForgeHooks.java:872) ~[forge-1.20.1-47.4.21-universal.jar%23378!/:?]
	at net.minecraftforge.common.ForgeHooks.lambda$getLootTableDeserializer$3(ForgeHooks.java:849) ~[forge-1.20.1-47.4.21-universal.jar%23378!/:?]
	at net.minecraft.world.level.storage.loot.LootDataType.deserialize(LootDataType.java:45) ~[server-1.20.1-20230612.114412-srg.jar%23373!/:?]
	at net.minecraft.world.level.storage.loot.LootDataManager.lambda$scheduleElementParse$4(LootDataManager.java:56) ~[server-1.20.1-20230612.114412-srg.jar%23373!/:?]
	at java.util.HashMap.forEach(HashMap.java:1421) ~[?:?]
	at net.minecraft.world.level.storage.loot.LootDataManager.m_278660_(LootDataManager.java:55) ~[server-1.20.1-20230612.114412-srg.jar%23373!/:?]
	at java.util.concurrent.CompletableFuture$AsyncRun.run(CompletableFuture.java:1804) ~[?:?]
	at java.util.concurrent.CompletableFuture$AsyncRun.exec(CompletableFuture.java:1796) ~[?:?]
	at java.util.concurrent.ForkJoinTask.doExec(ForkJoinTask.java:373) ~[?:?]
	at java.util.concurrent.ForkJoinPool$WorkQueue.topLevelExec(ForkJoinPool.java:1182) ~[?:?]
	at java.util.concurrent.ForkJoinPool.scan(ForkJoinPool.java:1655) ~[?:?]
	at java.util.concurrent.ForkJoinPool.runWorker(ForkJoinPool.java:1622) ~[?:?]
	at java.util.concurrent.ForkJoinWorkerThread.run(ForkJoinWorkerThread.java:165) ~[?:?]
[31Jul2026 18:03:35.779] [Worker-Main-3/ERROR] [net.minecraftforge.common.ForgeHooks/]: Couldn't parse element loot_tables:irons_spellbooks:chests/citadel/citadel_tomes
com.google.gson.JsonSyntaxException: Unknown type 'minecraft:set_written_book_pages'
	at net.minecraft.world.level.storage.loot.GsonAdapterFactory$JsonAdapter.deserialize(GsonAdapterFactory.java:99) ~[server-1.20.1-20230612.114412-srg.jar%23373!/:?]
	at com.google.gson.internal.bind.TreeTypeAdapter.read(TreeTypeAdapter.java:76) ~[gson-2.10.jar%2370!/:?]
	at com.google.gson.internal.bind.TypeAdapterRuntimeTypeWrapper.read(TypeAdapterRuntimeTypeWrapper.java:40) ~[gson-2.10.jar%2370!/:?]
	at com.google.gson.internal.bind.ArrayTypeAdapter.read(ArrayTypeAdapter.java:72) ~[gson-2.10.jar%2370!/:?]
	at com.google.gson.Gson.fromJson(Gson.java:1214) ~[gson-2.10.jar%2370!/:?]
	at com.google.gson.Gson.fromJson(Gson.java:1319) ~[gson-2.10.jar%2370!/:?]
	at com.google.gson.Gson.fromJson(Gson.java:1290) ~[gson-2.10.jar%2370!/:?]
	at com.google.gson.internal.bind.TreeTypeAdapter$GsonContextImpl.deserialize(TreeTypeAdapter.java:179) ~[gson-2.10.jar%2370!/:?]
	at net.minecraft.util.GsonHelper.m_13808_(GsonHelper.java:463) ~[server-1.20.1-20230612.114412-srg.jar%23373!/:?]
	at net.minecraft.util.GsonHelper.m_13845_(GsonHelper.java:481) ~[server-1.20.1-20230612.114412-srg.jar%23373!/:?]
	at net.minecraft.world.level.storage.loot.entries.LootPoolSingletonContainer$Serializer.m_5921_(LootPoolSingletonContainer.java:149) ~[server-1.20.1-20230612.114412-srg.jar%23373!/:?]
	at net.minecraft.world.level.storage.loot.entries.LootPoolSingletonContainer$Serializer.m_5921_(LootPoolSingletonContainer.java:129) ~[server-1.20.1-20230612.114412-srg.jar%23373!/:?]
	at net.minecraft.world.level.storage.loot.entries.LootPoolEntryContainer$Serializer.m_7561_(LootPoolEntryContainer.java:86) ~[server-1.20.1-20230612.114412-srg.jar%23373!/:?]
	at net.minecraft.world.level.storage.loot.entries.LootPoolEntryContainer$Serializer.m_7561_(LootPoolEntryContainer.java:74) ~[server-1.20.1-20230612.114412-srg.jar%23373!/:?]
	at net.minecraft.world.level.storage.loot.GsonAdapterFactory$JsonAdapter.deserialize(GsonAdapterFactory.java:102) ~[server-1.20.1-20230612.114412-srg.jar%23373!/:?]
	at com.google.gson.internal.bind.TreeTypeAdapter.read(TreeTypeAdapter.java:76) ~[gson-2.10.jar%2370!/:?]
	at com.google.gson.internal.bind.TypeAdapterRuntimeTypeWrapper.read(TypeAdapterRuntimeTypeWrapper.java:40) ~[gson-2.10.jar%2370!/:?]
	at com.google.gson.internal.bind.ArrayTypeAdapter.read(ArrayTypeAdapter.java:72) ~[gson-2.10.jar%2370!/:?]
	at com.google.gson.Gson.fromJson(Gson.java:1214) ~[gson-2.10.jar%2370!/:?]
	at com.google.gson.Gson.fromJson(Gson.java:1319) ~[gson-2.10.jar%2370!/:?]
	at com.google.gson.Gson.fromJson(Gson.java:1290) ~[gson-2.10.jar%2370!/:?]
	at com.google.gson.internal.bind.TreeTypeAdapter$GsonContextImpl.deserialize(TreeTypeAdapter.java:179) ~[gson-2.10.jar%2370!/:?]
	at net.minecraft.util.GsonHelper.m_13808_(GsonHelper.java:463) ~[server-1.20.1-20230612.114412-srg.jar%23373!/:?]
	at net.minecraft.util.GsonHelper.m_13836_(GsonHelper.java:471) ~[server-1.20.1-20230612.114412-srg.jar%23373!/:?]
	at net.minecraft.world.level.storage.loot.LootPool$Serializer.deserialize(LootPool.java:192) ~[server-1.20.1-20230612.114412-srg.jar%23373!/:?]
	at net.minecraft.world.level.storage.loot.LootPool$Serializer.deserialize(LootPool.java:189) ~[server-1.20.1-20230612.114412-srg.jar%23373!/:?]
	at com.google.gson.internal.bind.TreeTypeAdapter.read(TreeTypeAdapter.java:76) ~[gson-2.10.jar%2370!/:?]
	at com.google.gson.internal.bind.TypeAdapterRuntimeTypeWrapper.read(TypeAdapterRuntimeTypeWrapper.java:40) ~[gson-2.10.jar%2370!/:?]
	at com.google.gson.internal.bind.ArrayTypeAdapter.read(ArrayTypeAdapter.java:72) ~[gson-2.10.jar%2370!/:?]
	at com.google.gson.Gson.fromJson(Gson.java:1214) ~[gson-2.10.jar%2370!/:?]
	at com.google.gson.Gson.fromJson(Gson.java:1319) ~[gson-2.10.jar%2370!/:?]
	at com.google.gson.Gson.fromJson(Gson.java:1290) ~[gson-2.10.jar%2370!/:?]
	at com.google.gson.internal.bind.TreeTypeAdapter$GsonContextImpl.deserialize(TreeTypeAdapter.java:179) ~[gson-2.10.jar%2370!/:?]
	at net.minecraft.util.GsonHelper.m_13808_(GsonHelper.java:463) ~[server-1.20.1-20230612.114412-srg.jar%23373!/:?]
	at net.minecraft.util.GsonHelper.m_13845_(GsonHelper.java:481) ~[server-1.20.1-20230612.114412-srg.jar%23373!/:?]
	at net.minecraft.world.level.storage.loot.LootTable$Serializer.deserialize(LootTable.java:294) ~[server-1.20.1-20230612.114412-srg.jar%23373!/:?]
	at net.minecraft.world.level.storage.loot.LootTable$Serializer.deserialize(LootTable.java:291) ~[server-1.20.1-20230612.114412-srg.jar%23373!/:?]
	at com.google.gson.internal.bind.TreeTypeAdapter.read(TreeTypeAdapter.java:76) ~[gson-2.10.jar%2370!/:?]
	at com.google.gson.Gson.fromJson(Gson.java:1214) ~[gson-2.10.jar%2370!/:?]
	at com.google.gson.Gson.fromJson(Gson.java:1319) ~[gson-2.10.jar%2370!/:?]
	at com.google.gson.Gson.fromJson(Gson.java:1261) ~[gson-2.10.jar%2370!/:?]
	at net.minecraftforge.common.ForgeHooks.loadLootTable(ForgeHooks.java:872) ~[forge-1.20.1-47.4.21-universal.jar%23378!/:?]
	at net.minecraftforge.common.ForgeHooks.lambda$getLootTableDeserializer$3(ForgeHooks.java:849) ~[forge-1.20.1-47.4.21-universal.jar%23378!/:?]
	at net.minecraft.world.level.storage.loot.LootDataType.deserialize(LootDataType.java:45) ~[server-1.20.1-20230612.114412-srg.jar%23373!/:?]
	at net.minecraft.world.level.storage.loot.LootDataManager.lambda$scheduleElementParse$4(LootDataManager.java:56) ~[server-1.20.1-20230612.114412-srg.jar%23373!/:?]
	at java.util.HashMap.forEach(HashMap.java:1421) ~[?:?]
	at net.minecraft.world.level.storage.loot.LootDataManager.m_278660_(LootDataManager.java:55) ~[server-1.20.1-20230612.114412-srg.jar%23373!/:?]
	at java.util.concurrent.CompletableFuture$AsyncRun.run(CompletableFuture.java:1804) ~[?:?]
	at java.util.concurrent.CompletableFuture$AsyncRun.exec(CompletableFuture.java:1796) ~[?:?]
	at java.util.concurrent.ForkJoinTask.doExec(ForkJoinTask.java:373) ~[?:?]
	at java.util.concurrent.ForkJoinPool$WorkQueue.topLevelExec(ForkJoinPool.java:1182) ~[?:?]
	at java.util.concurrent.ForkJoinPool.scan(ForkJoinPool.java:1655) ~[?:?]
	at java.util.concurrent.ForkJoinPool.runWorker(ForkJoinPool.java:1622) ~[?:?]
	at java.util.concurrent.ForkJoinWorkerThread.run(ForkJoinWorkerThread.java:165) ~[?:?]
[31Jul2026 18:03:36.103] [main/WARN] [net.minecraft.world.level.storage.loot.LootDataManager/]: Found loot table element validation problem in {loot_tables:irons_spellbooks:chests/citadel/citadel_bookshelf}.pools[8].entries[0]: Unknown loot table called irons_spellbooks:chests/citadel/citadel_tomes
[31Jul2026 18:03:36.225] [main/ERROR] [net.minecraft.world.item.crafting.RecipeManager/]: Parsing error loading recipe gtbcs_geomancy_plus:echo_salvage/geo_echo: com.google.gson.JsonSyntaxException: Unknown item 'traveloptics:resonant_scrap'
[31Jul2026 18:03:36.289] [main/INFO] [net.minecraft.world.item.crafting.RecipeManager/]: Loaded 26 recipes
[31Jul2026 18:03:36.448] [main/ERROR] [net.minecraft.server.ServerAdvancementManager/]: Parsing error loading custom advancement legendary_monsters:defeat_ambusher: Expected item to be an item, was unknown string 'legendary_monsters:ancient_dripstone_shard'
[31Jul2026 18:03:36.490] [main/INFO] [net.minecraft.advancements.AdvancementList/]: Loaded 3668 advancements
[31Jul2026 18:03:56.988] [main/INFO] [bountiful/]: Trying to load unloaded files from: config/bountiful/bounty_pools
[31Jul2026 18:03:56.991] [main/INFO] [bountiful/]: Trying to load unloaded files from: config/bountiful/bounty_decrees
[31Jul2026 18:03:56.996] [main/INFO] [top.theillusivec4.curios.Curios/]: Loaded 22 curio slots
[31Jul2026 18:03:56.999] [main/INFO] [top.theillusivec4.curios.Curios/]: Loaded 9 curio entities
[31Jul2026 18:03:57.003] [main/WARN] [epicfight/]: Skill efn:example doesn't exist in the registry.
[31Jul2026 18:03:57.026] [main/WARN] [epicfight/]: Item Capability Exception: No item named magistuarmory:bronze_lochaberaxe
[31Jul2026 18:03:57.029] [main/WARN] [epicfight/]: Item Capability Exception: No item named magistuarmory:copper_lochaberaxe
[31Jul2026 18:03:57.032] [main/WARN] [epicfight/]: Item Capability Exception: No item named magistuarmory:steel_lochaberaxe
[31Jul2026 18:03:57.032] [main/WARN] [epicfight/]: Item Capability Exception: No item named dungeons_gear:venom_glaive
[31Jul2026 18:03:57.034] [main/WARN] [epicfight/]: Item Capability Exception: No item named magistuarmory:gold_lochaberaxe
[31Jul2026 18:03:57.039] [main/WARN] [epicfight/]: Item Capability Exception: No item named magistuarmory:stone_lochaberaxe
[31Jul2026 18:03:57.041] [main/WARN] [epicfight/]: Item Capability Exception: No item named magistuarmory:wood_lochaberaxe
[31Jul2026 18:03:57.041] [main/WARN] [epicfight/]: Item Capability Exception: No item named efn:scythe
[31Jul2026 18:03:57.042] [main/WARN] [epicfight/]: Item Capability Exception: No item named dungeons_gear:grave_bane
[31Jul2026 18:03:57.047] [main/WARN] [epicfight/]: Can't find an animation named wom:biped/skill/ruine_counterattack in epicfight:shulkermimic
[31Jul2026 18:03:57.048] [main/WARN] [epicfight/]: Item Capability Exception: No item named magistuarmory:silver_lochaberaxe
[31Jul2026 18:03:57.049] [main/WARN] [epicfight/]: Item Capability Exception: No item named dungeons_gear:glaive
[31Jul2026 18:03:57.050] [main/WARN] [epicfight/]: Error while deserializing datapack for legendary_monsters:sand_cannon: Enum name ranged does not exist in weapon_category
[31Jul2026 18:03:57.050] [main/WARN] [epicfight/]: Item Capability Exception: No item named magistuarmory:tin_lochaberaxe
[31Jul2026 18:03:57.051] [main/WARN] [epicfight/]: Item Capability Exception: No item named magistuarmory:iron_lochaberaxe
[31Jul2026 18:03:57.054] [main/WARN] [epicfight/]: Error while deserializing datapack for legendary_monsters:chorus_cannon: Enum name ranged does not exist in weapon_category
[31Jul2026 18:03:57.056] [main/WARN] [epicfight/]: Can't find a particle type epicfight:entity.hit.blunt in invincible:custom_combo_demo
[31Jul2026 18:03:57.060] [main/WARN] [epicfight/]: Item Capability Exception: No item named magistuarmory:diamond_lochaberaxe
[31Jul2026 18:03:57.061] [main/WARN] [epicfight/]: epicfight:blood is not a hit particle type in epicfight:posessed_paladin
[31Jul2026 18:03:57.063] [main/WARN] [epicfight/]: Item Capability Exception: No item named magistuarmory:netherite_lochaberaxe
[31Jul2026 18:03:57.148] [main/WARN] [epicfight/]: Can't deserialize mob capability: shifu_epic_fight_skill_recipe:martialbandit: Enum name ranged does not exist in weapon_category
[31Jul2026 18:03:57.155] [main/WARN] [epicfight/]: Can't deserialize mob capability: shifu_epic_fight_skill_recipe:martialbanditleader: Enum name ranged does not exist in weapon_category
[31Jul2026 18:03:57.162] [main/WARN] [epicfight/]: Can't deserialize mob capability: shifu_epic_fight_skill_recipe:bandit_captain: Enum name ranged does not exist in weapon_category
[31Jul2026 18:03:57.169] [main/WARN] [epicfight/]: Can't deserialize mob capability: shifu_epic_fight_skill_recipe:martialbanditnatural: Enum name ranged does not exist in weapon_category
[31Jul2026 18:03:57.177] [main/WARN] [epicfight/]: Can't deserialize mob capability: shifu_epic_fight_skill_recipe:shifunpc: Enum name ranged does not exist in weapon_category
[31Jul2026 18:03:57.186] [main/WARN] [epicfight/]: Can't deserialize mob capability: shifu_epic_fight_skill_recipe:tung_lai: Enum name ranged does not exist in weapon_category
[31Jul2026 18:03:57.192] [main/WARN] [epicfight/]: Can't deserialize mob capability: shifu_epic_fight_skill_recipe:rogue: Enum name ranged does not exist in weapon_category
[31Jul2026 18:03:57.199] [main/WARN] [epicfight/]: Can't deserialize mob capability: shifu_epic_fight_skill_recipe:banditking: Enum name ranged does not exist in weapon_category
[31Jul2026 18:03:57.200] [main/INFO] [Dungeon Crawl/]: Loading data...
[31Jul2026 18:03:57.466] [main/INFO] [Dungeon Crawl/]: Done.
[31Jul2026 18:03:57.560] [main/WARN] [ModernFix/]: Initial datapack load took 28.62 s
[31Jul2026 18:03:57.752] [Server thread/INFO] [net.minecraft.server.dedicated.DedicatedServer/]: Starting minecraft server version 1.20.1
[31Jul2026 18:03:57.752] [Server thread/INFO] [net.minecraft.server.dedicated.DedicatedServer/]: Loading properties
[31Jul2026 18:03:57.752] [Server thread/INFO] [net.minecraft.server.dedicated.DedicatedServer/]: Default game type: SURVIVAL
[31Jul2026 18:03:57.752] [Server thread/INFO] [net.minecraft.server.MinecraftServer/]: Generating keypair
[31Jul2026 18:03:57.838] [Server thread/INFO] [net.minecraft.server.dedicated.DedicatedServer/]: Starting Minecraft server on *:25565
[31Jul2026 18:03:57.870] [Server thread/INFO] [net.minecraft.server.network.ServerConnectionListener/]: Using epoll channel type
[31Jul2026 18:03:58.028] [Server thread/WARN] [net.minecraft.server.dedicated.DedicatedServer/]: **** SERVER IS RUNNING IN OFFLINE/INSECURE MODE!
[31Jul2026 18:03:58.029] [Server thread/WARN] [net.minecraft.server.dedicated.DedicatedServer/]: The server will make no attempt to authenticate usernames. Beware.
[31Jul2026 18:03:58.029] [Server thread/WARN] [net.minecraft.server.dedicated.DedicatedServer/]: While this makes the game possible to play without internet access, it also opens up the ability for hackers to connect with any username they choose.
[31Jul2026 18:03:58.029] [Server thread/WARN] [net.minecraft.server.dedicated.DedicatedServer/]: To change this, set "online-mode" to "true" in the server.properties file.
[31Jul2026 18:03:58.297] [Server thread/INFO] [Framework/]: Loading server configs...
[31Jul2026 18:03:58.533] [Server thread/INFO] [terrablender/]: Initialized TerraBlender biomes for level stem minecraft:overworld
[31Jul2026 18:03:58.534] [Server thread/INFO] [terrablender/]: Initialized TerraBlender biomes for level stem minecraft:the_nether
[31Jul2026 18:03:58.534] [Server thread/INFO] [net.minecraft.server.dedicated.DedicatedServer/]: Preparing level "world"
[31Jul2026 18:03:58.623] [Server thread/WARN] [mixin/]: @Redirect conflict. Skipping servercore.common.mixins.json:optimizations.ticking.chunk.cache.ServerChunkCacheMixin->@Redirect::servercore$noList(I)Ljava/util/ArrayList; with priority 900, already redirected by lithium.mixins.json:alloc.chunk_ticking.ServerChunkManagerMixin->@Redirect::redirectChunksListClone(I)Ljava/util/ArrayList; with priority 1000
[31Jul2026 18:03:59.729] [Server thread/INFO] [net.minecraft.server.MinecraftServer/]: Preparing start region for dimension minecraft:overworld
[31Jul2026 18:03:59.733] [Server thread/WARN] [mixin/]: Method overwrite conflict for removeIf in lithium.mixins.json:world.chunk_tickets.SortedArraySetMixin, previously written by org.embeddedt.modernfix.common.mixin.bugfix.paper_chunk_patches.SortedArraySetMixin. Skipping method.
[31Jul2026 18:04:01.608] [Server thread/INFO] [net.minecraft.server.level.progress.LoggerChunkProgressListener/]: Preparing spawn area: 0%
[31Jul2026 18:04:01.609] [Server thread/INFO] [net.minecraft.server.level.progress.LoggerChunkProgressListener/]: Preparing spawn area: 0%
[31Jul2026 18:04:01.609] [Server thread/INFO] [net.minecraft.server.level.progress.LoggerChunkProgressListener/]: Preparing spawn area: 0%
[31Jul2026 18:04:01.610] [Server thread/INFO] [net.minecraft.server.level.progress.LoggerChunkProgressListener/]: Preparing spawn area: 0%
[31Jul2026 18:04:01.730] [Server thread/INFO] [net.minecraft.server.level.progress.LoggerChunkProgressListener/]: Preparing spawn area: 0%
[31Jul2026 18:04:02.785] [Server thread/INFO] [net.minecraft.server.level.progress.LoggerChunkProgressListener/]: Time elapsed: 3056 ms
[31Jul2026 18:04:02.786] [Server thread/INFO] [net.minecraft.server.dedicated.DedicatedServer/]: Done (4.740s)! For help, type "help"
[31Jul2026 18:04:03.002] [Server thread/INFO] [net.minecraftforge.server.permission.PermissionAPI/]: Successfully initialized permission handler forge:default_handler
[31Jul2026 18:04:03.003] [Server thread/INFO] [bountiful/]: Registering Bounty Board Jigsaw Piece for Village Type: plains
[31Jul2026 18:04:03.005] [Server thread/INFO] [bountiful/]: Registering Bounty Board Jigsaw Piece for Village Type: savanna
[31Jul2026 18:04:03.005] [Server thread/INFO] [bountiful/]: Registering Bounty Board Jigsaw Piece for Village Type: snowy
[31Jul2026 18:04:03.005] [Server thread/INFO] [bountiful/]: Registering Bounty Board Jigsaw Piece for Village Type: taiga
[31Jul2026 18:04:03.005] [Server thread/INFO] [bountiful/]: Registering Bounty Board Jigsaw Piece for Village Type: desert
[31Jul2026 18:04:03.017] [Server thread/INFO] [com.brass_amber.ba_bt.BABattleTowers/]: server starting
[31Jul2026 18:04:03.018] [Server thread/INFO] [com.zonoikk.simpleauth.SimpleAuth/]: SimpleAuth is ready.
[31Jul2026 18:04:03.043] [Server thread/INFO] [com.github.alexthe666.iceandfire.IceAndFire/]: {iceandfire:fire_dragon_roost=true, iceandfire:fire_lily=true, iceandfire:spawn_dragon_skeleton_fire=true, iceandfire:lightning_dragon_roost=true, iceandfire:spawn_dragon_skeleton_lightning=true, iceandfire:ice_dragon_roost=true, iceandfire:ice_dragon_cave=true, iceandfire:lightning_dragon_cave=true, iceandfire:cyclops_cave=true, iceandfire:spawn_wandering_cyclops=true, iceandfire:spawn_sea_serpent=true, iceandfire:frost_lily=true, iceandfire:hydra_cave=true, iceandfire:lightning_lily=true, iceandfire:pixie_village=true, iceandfire:myrmex_hive_jungle=true, iceandfire:myrmex_hive_desert=true, iceandfire:silver_ore=true, iceandfire:siren_island=true, iceandfire:spawn_dragon_skeleton_ice=true, iceandfire:spawn_stymphalian_bird=true, iceandfire:fire_dragon_cave=true, iceandfire:sapphire_ore=true, iceandfire:spawn_hippocampus=true, iceandfire:spawn_death_worm=true}
[31Jul2026 18:04:03.044] [Server thread/INFO] [com.github.alexthe666.iceandfire.IceAndFire/]: {TROLL_S=true, HIPPOGRYPH=true, AMPHITHERE=true, COCKATRICE=true, TROLL_M=true, DREAD_LICH=true, TROLL_F=true}
[31Jul2026 18:04:03.050] [Server thread/INFO] [patchouli/]: Sending reload packet to clients
[31Jul2026 18:04:03.052] [Server thread/WARN] [voicechat/]: [voicechat] Running in offline mode - Voice chat encryption is not secure!
[31Jul2026 18:04:03.068] [VoiceChatServerThread/INFO] [voicechat/]: [voicechat] Voice host is 'vocation-maine.gl.at.ply.gg'
[31Jul2026 18:04:03.070] [VoiceChatServerThread/INFO] [voicechat/]: [voicechat] Voice chat server started at port 47546
[31Jul2026 18:04:03.070] [Server thread/WARN] [ModernFix/]: Dedicated server took 69.556 seconds to load
[31Jul2026 18:05:29.045] [Netty Epoll Server IO #1/WARN] [mixin/]: @ModifyConstant conflict. Skipping packetfixer.v1_19_4.forge.mixins.json:v1_19_4_forge.PacketEncoderMixin->@ModifyConstant::packetfixer$newSize(I)I with priority 1000, already redirected by connectivity.mixins.json:PacketEncoderMixin->@ModifyConstant::modifyLimit(ILio/netty/channel/ChannelHandlerContext;Lnet/minecraft/network/protocol/Packet;Lio/netty/buffer/ByteBuf;)I with priority 1000
[31Jul2026 18:05:32.885] [Netty Epoll Server IO #3/WARN] [mixin/]: @ModifyConstant conflict. Skipping packetfixer.v1_19_4.forge.mixins.json:v1_19_4_forge.ServerLoginPacketListenerImplMixin->@ModifyConstant::packetfixer$tick(I)I with priority 1000, already redirected by connectivity.mixins.json:ServerLoginNetHandlerMixin->@ModifyConstant::loginTimeout(I)I with priority 1001
[31Jul2026 18:05:35.772] [Server thread/WARN] [net.minecraft.network.syncher.SynchedEntityData/]: defineId called for: class net.minecraft.world.entity.player.Player from class tschipp.carryon.common.carry.CarryOnDataManager
[31Jul2026 18:05:35.781] [Netty Epoll Server IO #3/WARN] [mixin/]: @ModifyConstant conflict. Skipping packetfixer.v1_19_4.forge.mixins.json:v1_19_4_forge.CompressionEncoderMixin->@ModifyConstant::packetfixer$newSize(I)I with priority 1000, already redirected by connectivity.mixins.json:CompressionEncoderMixin->@ModifyConstant::modifyLimit(I)I with priority 1000
[31Jul2026 18:05:35.782] [Netty Epoll Server IO #3/WARN] [mixin/]: @ModifyConstant conflict. Skipping packetfixer.v1_19_4.forge.mixins.json:v1_19_4_forge.CompressionEncoderMixin->@ModifyConstant::packetfixer$newSize(I)I with priority 1000, already redirected by connectivity.mixins.json:CompressionEncoderMixin->@ModifyConstant::modifyLimit(I)I with priority 1000
[31Jul2026 18:05:36.030] [Server thread/INFO] [net.minecraft.server.players.PlayerList/]: Camilxdk0[/127.65.255.254:49591] logged in with entity id 130 at (5271.6749569315025, 64.0, 4492.041546451201)
[31Jul2026 18:05:36.102] [Server thread/INFO] [ModernFix/]: Using enhanced recipe sync for player Camilxdk0
[31Jul2026 18:05:36.127] [Server thread/INFO] [net.minecraft.server.MinecraftServer/]: Camilxdk0 joined the game
[31Jul2026 18:05:36.141] [Server thread/INFO] [net.felinamods.epicstatsmodremastered.EpicStatsModRemasteredMod/]: The attribute for stat modid:attribute doesn't exist
[31Jul2026 18:05:36.142] [Server thread/INFO] [net.felinamods.epicstatsmodremastered.EpicStatsModRemasteredMod/]: The attribute for stat modid:attribute doesn't exist
[31Jul2026 18:05:36.142] [Server thread/INFO] [net.felinamods.epicstatsmodremastered.EpicStatsModRemasteredMod/]: The attribute for stat aaa:aaaa doesn't exist
[31Jul2026 18:05:36.147] [Server thread/INFO] [net.felinamods.epicstatsmodremastered.EpicStatsModRemasteredMod/]: The attribute for stat aaa:aaa2 doesn't exist
[31Jul2026 18:05:36.147] [Server thread/INFO] [net.felinamods.epicstatsmodremastered.EpicStatsModRemasteredMod/]: The attribute for stat aw:awa doesn't exist
[31Jul2026 18:05:36.148] [Server thread/INFO] [net.felinamods.epicstatsmodremastered.EpicStatsModRemasteredMod/]: The attribute for stat ada:aaaa doesn't exist
[31Jul2026 18:05:36.150] [Server thread/INFO] [net.felinamods.epicstatsmodremastered.EpicStatsModRemasteredMod/]: The attribute for stat aaa:ffg doesn't exist
[31Jul2026 18:05:36.151] [Server thread/INFO] [net.felinamods.epicstatsmodremastered.EpicStatsModRemasteredMod/]: The attribute for stat adad:aaaa doesn't exist
[31Jul2026 18:05:36.151] [Server thread/INFO] [net.felinamods.epicstatsmodremastered.EpicStatsModRemasteredMod/]: The attribute for stat aaa:aafg doesn't exist
[31Jul2026 18:05:36.153] [Server thread/INFO] [net.felinamods.epicstatsmodremastered.EpicStatsModRemasteredMod/]: The attribute for stat modid:attribute doesn't exist
[31Jul2026 18:05:36.155] [Server thread/INFO] [net.felinamods.epicstatsmodremastered.EpicStatsModRemasteredMod/]: The attribute for stat modid:attribute doesn't exist
[31Jul2026 18:05:36.156] [Server thread/INFO] [net.felinamods.epicstatsmodremastered.EpicStatsModRemasteredMod/]: The attribute for stat modid:attribute doesn't exist
[31Jul2026 18:05:36.157] [Server thread/INFO] [net.felinamods.epicstatsmodremastered.EpicStatsModRemasteredMod/]: The attribute for stat projectile_damage:impact doesn't exist
[31Jul2026 18:05:36.157] [Server thread/INFO] [net.felinamods.epicstatsmodremastered.EpicStatsModRemasteredMod/]: The attribute for stat aaa:ddd doesn't exist
[31Jul2026 18:05:36.158] [Server thread/INFO] [net.felinamods.epicstatsmodremastered.EpicStatsModRemasteredMod/]: The attribute for stat aaaa:dd doesn't exist
[31Jul2026 18:05:36.159] [Server thread/INFO] [net.felinamods.epicstatsmodremastered.EpicStatsModRemasteredMod/]: The attribute for stat modid:attribute doesn't exist
[31Jul2026 18:05:36.159] [Server thread/INFO] [net.felinamods.epicstatsmodremastered.EpicStatsModRemasteredMod/]: The attribute for stat aaaa:aaaa doesn't exist
[31Jul2026 18:05:36.159] [Server thread/INFO] [net.felinamods.epicstatsmodremastered.EpicStatsModRemasteredMod/]: The attribute for stat modid:attribute doesn't exist
[31Jul2026 18:05:36.162] [Server thread/INFO] [net.felinamods.epicstatsmodremastered.EpicStatsModRemasteredMod/]: The attribute for stat aaa:aaaas doesn't exist
[31Jul2026 18:05:36.163] [Server thread/INFO] [net.felinamods.epicstatsmodremastered.EpicStatsModRemasteredMod/]: The attribute for stat aaa:ddd doesn't exist
[31Jul2026 18:05:36.163] [Server thread/INFO] [net.felinamods.epicstatsmodremastered.EpicStatsModRemasteredMod/]: The attribute for stat aaa:aasssa doesn't exist
[31Jul2026 18:05:38.317] [Server thread/INFO] [voicechat/]: [voicechat] Received secret request of Camilxdk0 (20)
[31Jul2026 18:05:38.321] [Server thread/INFO] [voicechat/]: [voicechat] Sent secret to Camilxdk0
[31Jul2026 18:05:56.380] [VoiceChatPacketProcessingThread/INFO] [voicechat/]: [voicechat] Successfully authenticated player 4aae6708-c63c-30db-8d96-59328c0f1a26
[31Jul2026 18:05:57.360] [VoiceChatPacketProcessingThread/INFO] [voicechat/]: [voicechat] Successfully validated connection of player 4aae6708-c63c-30db-8d96-59328c0f1a26
[31Jul2026 18:05:57.363] [VoiceChatPacketProcessingThread/INFO] [voicechat/]: [voicechat] Player Camilxdk0 (4aae6708-c63c-30db-8d96-59328c0f1a26) successfully connected to voice chat
[31Jul2026 18:10:40.539] [Worker-Main-3/WARN] [net.minecraft.world.entity.ai.attributes.AttributeMap/]: Ignoring unknown attribute 'reach-entity-attributes:reach'
[31Jul2026 18:10:41.919] [Worker-Main-2/WARN] [net.minecraft.world.entity.ai.attributes.AttributeMap/]: Ignoring unknown attribute 'reach-entity-attributes:reach'
[31Jul2026 18:10:43.477] [Worker-Main-2/WARN] [net.minecraft.world.entity.ai.attributes.AttributeMap/]: Ignoring unknown attribute 'reach-entity-attributes:reach'
[31Jul2026 18:10:43.551] [Worker-Main-17/WARN] [net.minecraft.world.entity.ai.attributes.AttributeMap/]: Ignoring unknown attribute 'reach-entity-attributes:reach'
[31Jul2026 18:10:43.552] [Worker-Main-17/WARN] [net.minecraft.world.entity.ai.attributes.AttributeMap/]: Ignoring unknown attribute 'reach-entity-attributes:reach'
[31Jul2026 18:10:43.554] [Worker-Main-17/WARN] [net.minecraft.world.entity.ai.attributes.AttributeMap/]: Ignoring unknown attribute 'reach-entity-attributes:reach'
[31Jul2026 18:10:43.555] [Worker-Main-17/WARN] [net.minecraft.world.entity.ai.attributes.AttributeMap/]: Ignoring unknown attribute 'reach-entity-attributes:reach'
[31Jul2026 18:10:45.334] [Worker-Main-2/WARN] [net.minecraft.world.entity.ai.attributes.AttributeMap/]: Ignoring unknown attribute 'reach-entity-attributes:reach'
[31Jul2026 18:10:45.335] [Worker-Main-2/WARN] [net.minecraft.world.entity.ai.attributes.AttributeMap/]: Ignoring unknown attribute 'reach-entity-attributes:reach'
[31Jul2026 18:10:46.855] [Worker-Main-2/WARN] [net.minecraft.world.entity.ai.attributes.AttributeMap/]: Ignoring unknown attribute 'reach-entity-attributes:reach'
[31Jul2026 18:14:51.487] [Worker-Main-2/ERROR] [net.minecraft.world.entity.decoration.HangingEntity/]: Hanging entity at invalid position: BlockPos{x=-67, y=8, z=191}
[31Jul2026 18:14:51.546] [Worker-Main-2/ERROR] [net.minecraft.world.entity.decoration.HangingEntity/]: Hanging entity at invalid position: BlockPos{x=-68, y=8, z=191}
[31Jul2026 18:14:51.547] [Worker-Main-2/ERROR] [net.minecraft.world.entity.decoration.HangingEntity/]: Hanging entity at invalid position: BlockPos{x=-72, y=8, z=188}
[31Jul2026 18:14:51.547] [Worker-Main-2/ERROR] [net.minecraft.world.entity.decoration.HangingEntity/]: Hanging entity at invalid position: BlockPos{x=-69, y=8, z=192}
[31Jul2026 18:14:51.547] [Worker-Main-2/ERROR] [net.minecraft.world.entity.decoration.HangingEntity/]: Hanging entity at invalid position: BlockPos{x=-67, y=8, z=192}
[31Jul2026 18:14:51.547] [Worker-Main-2/ERROR] [net.minecraft.world.entity.decoration.HangingEntity/]: Hanging entity at invalid position: BlockPos{x=-66, y=8, z=192}
[31Jul2026 18:14:51.548] [Worker-Main-2/ERROR] [net.minecraft.world.entity.decoration.HangingEntity/]: Hanging entity at invalid position: BlockPos{x=-69, y=8, z=195}
[31Jul2026 18:14:51.549] [Worker-Main-2/ERROR] [net.minecraft.world.entity.decoration.HangingEntity/]: Hanging entity at invalid position: BlockPos{x=-69, y=8, z=196}
[31Jul2026 18:14:51.549] [Worker-Main-2/ERROR] [net.minecraft.world.entity.decoration.HangingEntity/]: Hanging entity at invalid position: BlockPos{x=-68, y=8, z=195}
[31Jul2026 18:14:51.550] [Worker-Main-2/ERROR] [net.minecraft.world.entity.decoration.HangingEntity/]: Hanging entity at invalid position: BlockPos{x=-67, y=8, z=196}
[31Jul2026 18:14:51.550] [Worker-Main-2/ERROR] [net.minecraft.world.entity.decoration.HangingEntity/]: Hanging entity at invalid position: BlockPos{x=-66, y=8, z=195}
[31Jul2026 18:14:51.551] [Worker-Main-2/ERROR] [net.minecraft.world.entity.decoration.HangingEntity/]: Hanging entity at invalid position: BlockPos{x=-63, y=8, z=191}
[31Jul2026 18:14:51.551] [Worker-Main-2/ERROR] [net.minecraft.world.entity.decoration.HangingEntity/]: Hanging entity at invalid position: BlockPos{x=-63, y=8, z=193}
[31Jul2026 18:14:51.552] [Worker-Main-2/ERROR] [net.minecraft.world.entity.decoration.HangingEntity/]: Hanging entity at invalid position: BlockPos{x=-62, y=8, z=193}
[31Jul2026 18:14:51.552] [Worker-Main-2/ERROR] [net.minecraft.world.entity.decoration.HangingEntity/]: Hanging entity at invalid position: BlockPos{x=-62, y=8, z=194}
[31Jul2026 18:14:51.552] [Worker-Main-2/ERROR] [net.minecraft.world.entity.decoration.HangingEntity/]: Hanging entity at invalid position: BlockPos{x=-62, y=8, z=196}
[31Jul2026 18:14:51.553] [Worker-Main-2/ERROR] [net.minecraft.world.entity.decoration.HangingEntity/]: Hanging entity at invalid position: BlockPos{x=-63, y=8, z=196}
[31Jul2026 18:16:10.121] [Worker-Main-17/ERROR] [net.minecraft.world.entity.decoration.HangingEntity/]: Hanging entity at invalid position: BlockPos{x=-67, y=8, z=191}
[31Jul2026 18:16:10.132] [Worker-Main-17/ERROR] [net.minecraft.world.entity.decoration.HangingEntity/]: Hanging entity at invalid position: BlockPos{x=-68, y=8, z=191}
[31Jul2026 18:16:10.133] [Worker-Main-17/ERROR] [net.minecraft.world.entity.decoration.HangingEntity/]: Hanging entity at invalid position: BlockPos{x=-72, y=8, z=188}
[31Jul2026 18:16:10.135] [Worker-Main-17/ERROR] [net.minecraft.world.entity.decoration.HangingEntity/]: Hanging entity at invalid position: BlockPos{x=-69, y=8, z=192}
[31Jul2026 18:16:10.135] [Worker-Main-17/ERROR] [net.minecraft.world.entity.decoration.HangingEntity/]: Hanging entity at invalid position: BlockPos{x=-67, y=8, z=192}
[31Jul2026 18:16:10.136] [Worker-Main-17/ERROR] [net.minecraft.world.entity.decoration.HangingEntity/]: Hanging entity at invalid position: BlockPos{x=-66, y=8, z=192}
[31Jul2026 18:16:10.136] [Worker-Main-17/ERROR] [net.minecraft.world.entity.decoration.HangingEntity/]: Hanging entity at invalid position: BlockPos{x=-69, y=8, z=195}
[31Jul2026 18:16:10.136] [Worker-Main-17/ERROR] [net.minecraft.world.entity.decoration.HangingEntity/]: Hanging entity at invalid position: BlockPos{x=-69, y=8, z=196}
[31Jul2026 18:16:10.137] [Worker-Main-17/ERROR] [net.minecraft.world.entity.decoration.HangingEntity/]: Hanging entity at invalid position: BlockPos{x=-68, y=8, z=195}
[31Jul2026 18:16:10.139] [Worker-Main-17/ERROR] [net.minecraft.world.entity.decoration.HangingEntity/]: Hanging entity at invalid position: BlockPos{x=-67, y=8, z=196}
[31Jul2026 18:16:10.139] [Worker-Main-17/ERROR] [net.minecraft.world.entity.decoration.HangingEntity/]: Hanging entity at invalid position: BlockPos{x=-66, y=8, z=195}
[31Jul2026 18:16:10.140] [Worker-Main-17/ERROR] [net.minecraft.world.entity.decoration.HangingEntity/]: Hanging entity at invalid position: BlockPos{x=-63, y=8, z=191}
[31Jul2026 18:16:10.143] [Worker-Main-17/ERROR] [net.minecraft.world.entity.decoration.HangingEntity/]: Hanging entity at invalid position: BlockPos{x=-63, y=8, z=193}
[31Jul2026 18:16:10.143] [Worker-Main-17/ERROR] [net.minecraft.world.entity.decoration.HangingEntity/]: Hanging entity at invalid position: BlockPos{x=-62, y=8, z=193}
[31Jul2026 18:16:10.143] [Worker-Main-17/ERROR] [net.minecraft.world.entity.decoration.HangingEntity/]: Hanging entity at invalid position: BlockPos{x=-62, y=8, z=194}
[31Jul2026 18:16:10.143] [Worker-Main-17/ERROR] [net.minecraft.world.entity.decoration.HangingEntity/]: Hanging entity at invalid position: BlockPos{x=-62, y=8, z=196}
[31Jul2026 18:16:10.144] [Worker-Main-17/ERROR] [net.minecraft.world.entity.decoration.HangingEntity/]: Hanging entity at invalid position: BlockPos{x=-63, y=8, z=196}
[31Jul2026 18:16:54.941] [Server thread/INFO] [net.minecraft.world.entity.npc.Villager/]: Villager Villager['Villager'/8696, l='ServerLevel[world]', x=5591.81, y=65.00, z=3976.32] died, message: 'Villager was shot by Stymphalian Bird'
[31Jul2026 18:17:28.384] [Server thread/INFO] [net.minecraft.world.entity.LivingEntity/]: Named entity MartialbanditnaturalEntity['Bandit'/9834, l='ServerLevel[world]', x=5398.69, y=62.82, z=4098.33] died: Bandit was slain by Hollow
[31Jul2026 18:17:31.331] [Server thread/INFO] [net.minecraft.world.entity.LivingEntity/]: Named entity MartialbanditnaturalEntity['Bandit'/9647, l='ServerLevel[world]', x=5399.84, y=62.63, z=4098.59] died: Bandit was slain by Hollow
[31Jul2026 18:18:14.730] [Server thread/INFO] [net.minecraft.world.entity.LivingEntity/]: Named entity MartialbanditnaturalEntity['Bandit'/10881, l='ServerLevel[world]', x=5268.36, y=71.00, z=3868.48] died: Bandit was slain by Hollow
[31Jul2026 18:18:14.731] [Server thread/INFO] [net.minecraft.world.entity.LivingEntity/]: Named entity MartialbanditnaturalEntity['Bandit'/10882, l='ServerLevel[world]', x=5267.56, y=71.00, z=3870.84] died: Bandit was slain by Hollow
[31Jul2026 18:18:45.873] [Worker-Main-2/ERROR] [net.minecraft.world.entity.decoration.HangingEntity/]: Hanging entity at invalid position: BlockPos{x=6, y=-25, z=4}
[31Jul2026 18:22:36.792] [Server thread/INFO] [net.minecraft.world.entity.LivingEntity/]: Named entity Skeleton['Skeleton |Boss Lv3|'/12290, l='ServerLevel[world]', x=4894.40, y=76.00, z=3634.39] died: Skeleton |Boss Lv3| was slain by Camilxdk0
[31Jul2026 18:23:29.932] [VoiceChatPacketProcessingThread/INFO] [voicechat/]: [voicechat] Player 4aae6708-c63c-30db-8d96-59328c0f1a26 timed out
[31Jul2026 18:23:29.933] [VoiceChatPacketProcessingThread/INFO] [voicechat/]: [voicechat] Reconnecting player Camilxdk0
[31Jul2026 18:23:29.933] [VoiceChatPacketProcessingThread/INFO] [voicechat/]: [voicechat] Sent secret to Camilxdk0
[31Jul2026 18:24:05.986] [Server thread/INFO] [net.minecraft.server.network.ServerGamePacketListenerImpl/]: Camilxdk0 lost connection: Timed out
[31Jul2026 18:24:05.986] [Server thread/INFO] [net.minecraft.server.MinecraftServer/]: Camilxdk0 left the game
[31Jul2026 18:24:05.992] [Server thread/INFO] [voicechat/]: [voicechat] Disconnecting client Camilxdk0
[31Jul2026 18:24:06.048] [Server thread/WARN] [net.minecraft.network.Connection/]: handleDisconnection() called twice
